SEASON,TEAM,FINALS_FLAG,CHAMPION_FLAG,ORTG,DRTG,OFFENSIVE_EFG%,OFFENSIVE_TOV%,OFFENSIVE_ORB%,OFFENSIVE_FT/FGA,DEFENSIVE_eFG%,DEFENSIVE_TOV%,DEFENSIVE_DRB%,DEFENSIVE_FT/FGA,ORTG_RANK,DRTG_RANK,OFFENSIVE_EFG%_RANK,OFFENSIVE_TOV%_RANK,OFFENSIVE_ORB%_RANK,OFFENSIVE_FT/FGA_RANK,DEFENSIVE_eFG%_RANK,DEFENSIVE_TOV%_RANK,DEFENSIVE_DRB%_RANK,DEFENSIVE_FT/FGA_RANK,CHAMPIONSHIPS_PREDICTED
2004-2005,San Antonio Spurs,1,1,107.5,98.8,0.4920000000000001,13.2,29.1,0.238,0.452,14.7,73.6,0.236,8.5,1.0,7.0,12.0,12.5,21.0,1.0,5.5,3.0,11.0,0.4334046634372692
2004-2005,Phoenix Suns,0,0,114.5,107.1,0.534,12.4,27.5,0.222,0.478,12.0,68.3,0.17600000000000002,1.0,17.0,1.0,3.0,22.0,24.0,10.0,28.0,29.0,1.0,0.0418151527116145
2004-2005,Dallas Mavericks,0,0,110.3,104.1,0.4920000000000001,12.5,28.6,0.273,0.472,14.3,70.2,0.239,4.0,9.0,7.0,4.5,16.5,4.0,8.0,9.0,23.0,12.0,0.023108179679245593
2004-2005,Miami Heat,0,0,110.2,103.1,0.524,13.1,27.0,0.26,0.46,12.4,74.1,0.242,5.0,6.5,2.0,11.0,25.0,10.0,4.0,26.5,2.0,14.0,0.04180954883518346
2004-2005,Houston Rockets,0,0,106.2,101.7,0.486,13.5,26.3,0.242,0.459,12.9,74.5,0.245,14.5,4.0,11.0,16.0,27.0,18.5,3.0,23.5,1.0,15.0,0.010040966176909338
2004-2005,Detroit Pistons,1,0,105.6,101.2,0.472,13.3,31.2,0.247,0.461,13.5,73.0,0.207,17.0,3.0,23.0,13.5,4.0,14.0,5.0,18.0,5.0,3.0,0.003179216705893749
2004-2005,Memphis Grizzlies,0,0,105.5,102.9,0.489,14.3,27.1,0.243,0.466,15.4,69.9,0.27,19.0,5.0,9.5,23.0,24.0,17.0,6.0,1.5,26.0,26.0,0.012832073941362092
2004-2005,Oklahoma City Thunder,0,0,112.2,109.6,0.495,13.0,32.4,0.259,0.496,12.9,71.3,0.249,2.0,27.0,5.0,9.0,2.0,11.0,23.0,23.5,15.5,18.0,0.0017155800378126835
2004-2005,Sacramento Kings,0,0,110.5,108.2,0.496,12.0,28.8,0.226,0.493,13.3,69.0,0.214,3.0,23.0,4.0,1.0,15.0,23.0,21.5,20.0,28.0,5.0,0.007147178531622015
2004-2005,Denver Nuggets,0,0,106.0,103.9,0.483,13.8,28.4,0.267,0.482,15.1,71.7,0.247,16.0,8.0,15.0,18.5,18.5,6.0,15.0,4.0,11.0,16.0,0.002988832186257651
2004-2005,Minnesota Timberwolves,0,0,108.2,106.6,0.489,12.7,28.6,0.219,0.472,11.2,71.4,0.208,6.0,14.5,9.5,6.0,16.5,25.5,8.0,29.0,13.0,4.0,0.013638482589149898
2004-2005,Chicago Bulls,0,0,101.4,100.3,0.471,15.5,28.4,0.233,0.454,14.4,72.6,0.262,26.5,2.0,24.0,30.0,18.5,22.0,2.0,8.0,7.0,22.0,0.0024924046580058856
2004-2005,Indiana Pacers,0,0,105.5,104.6,0.476,14.1,26.4,0.28300000000000003,0.472,13.6,71.3,0.261,19.0,11.0,18.0,20.0,26.0,1.0,8.0,17.0,15.5,20.5,0.00014745813521365497
2004-2005,Boston Celtics,0,0,107.5,106.6,0.501,14.7,27.2,0.273,0.481,14.2,70.1,0.274,8.5,14.5,3.0,25.0,23.0,4.0,14.0,10.5,24.0,27.0,0.009473189688730843
2004-2005,Cleveland Cavaliers,0,0,106.6,105.7,0.47,13.0,32.5,0.244,0.485,14.1,71.5,0.248,12.5,12.0,25.0,9.0,1.0,15.5,17.5,12.0,12.0,17.0,0.0005742384715750611
2004-2005,Los Angeles Clippers,0,0,105.5,106.4,0.477,14.9,30.3,0.278,0.48,13.0,71.3,0.235,19.0,13.0,17.0,26.5,7.0,2.0,13.0,22.0,15.5,10.0,0.00029244286978180405
2004-2005,Washington Wizards,0,0,107.2,107.5,0.474,12.9,31.1,0.264,0.498,14.6,70.0,0.23,10.0,19.5,22.0,7.0,5.0,8.0,25.0,7.0,25.0,8.0,0.0003173574645273659
2004-2005,Philadelphia 76ers,0,0,103.5,104.3,0.475,14.2,25.4,0.257,0.485,15.4,72.7,0.267,24.0,10.0,20.0,21.5,29.0,12.0,17.5,1.5,6.0,24.0,0.000314731258126524
2004-2005,Golden State Warriors,0,0,104.7,106.9,0.475,12.3,27.8,0.201,0.491,13.9,69.7,0.227,22.5,16.0,20.0,2.0,21.0,30.0,19.5,14.5,27.0,7.0,9.64837414955426e-05
2004-2005,Toronto Raptors,0,0,106.9,108.7,0.4920000000000001,12.5,23.7,0.244,0.499,13.4,71.1,0.24,11.0,24.0,7.0,4.5,30.0,15.5,27.0,19.0,19.5,13.0,0.00025012729705055315
2004-2005,Brooklyn Nets,0,0,101.4,103.1,0.463,13.7,25.5,0.242,0.479,15.2,73.2,0.278,26.5,6.5,28.0,17.0,28.0,18.5,11.5,3.0,4.0,28.0,0.0001266389673234432
2004-2005,Los Angeles Lakers,0,0,108.1,111.4,0.485,13.4,29.5,0.251,0.493,11.0,71.1,0.218,7.0,30.0,12.5,15.0,10.5,13.0,21.5,30.0,19.5,6.0,0.00030448287731023164
2004-2005,Orlando Magic,0,0,104.9,107.3,0.478,14.6,29.9,0.265,0.484,13.2,71.3,0.255,21.0,18.0,16.0,24.0,8.0,7.0,16.0,21.0,15.5,19.0,7.991126828499099e-05
2004-2005,New York Knicks,0,0,106.2,108.9,0.485,13.8,28.3,0.239,0.501,13.8,71.2,0.265,14.5,25.0,12.5,18.5,20.0,20.0,29.0,16.0,18.0,23.0,0.00020165283649720747
2004-2005,Milwaukee Bucks,0,0,106.6,109.8,0.475,13.0,29.0,0.261,0.499,12.4,72.0,0.233,12.5,28.0,20.0,9.0,14.0,9.0,27.0,26.5,10.0,9.0,1.8717470190960508e-05
2004-2005,Portland Trail Blazers,0,0,103.2,107.7,0.484,15.2,29.6,0.219,0.479,12.6,67.7,0.204,25.0,21.5,14.0,29.0,9.0,25.5,11.5,25.0,30.0,2.0,0.0003912627555743881
2004-2005,Utah Jazz,0,0,104.7,109.5,0.469,15.0,31.9,0.273,0.499,14.2,72.3,0.34,22.5,26.0,26.0,28.0,3.0,4.0,27.0,10.5,8.0,30.0,6.697358507733805e-06
2004-2005,Charlotte Hornets,0,0,101.1,107.5,0.455,13.3,29.5,0.217,0.4970000000000001,14.7,70.9,0.269,28.0,19.5,29.0,13.5,10.5,27.0,24.0,5.5,21.0,25.0,1.0792757396421943e-05
2004-2005,New Orleans Pelicans,0,0,99.7,107.7,0.446,14.2,29.1,0.214,0.491,13.9,70.7,0.261,30.0,21.5,30.0,21.5,12.5,28.0,19.5,14.5,22.0,20.5,7.307041981637337e-06
2004-2005,Atlanta Hawks,0,0,100.6,111.1,0.464,14.9,30.7,0.212,0.513,14.0,72.1,0.289,29.0,29.0,27.0,26.5,6.0,29.0,30.0,13.0,9.0,29.0,5.2662027741491885e-06
2005-2006,San Antonio Spurs,0,0,107.3,99.6,0.513,13.6,26.0,0.209,0.457,13.5,74.2,0.22,10.0,1.0,3.0,13.0,20.0,29.0,1.0,18.5,8.0,4.0,0.4060379712221202
2005-2006,Detroit Pistons,0,0,110.8,103.1,0.4970000000000001,11.2,28.9,0.21600000000000005,0.477,13.7,71.2,0.191,4.0,5.0,7.0,1.0,7.0,26.5,10.5,15.0,25.0,1.0,0.17219881376374727
2005-2006,Dallas Mavericks,1,0,111.8,105.0,0.495,13.1,31.8,0.285,0.475,13.7,72.2,0.257,1.0,11.5,10.5,8.5,2.0,3.0,7.5,15.0,17.5,19.0,0.015379605221843288
2005-2006,Phoenix Suns,0,0,111.5,105.8,0.537,12.2,22.1,0.166,0.49,13.2,72.1,0.2,2.0,16.0,1.0,2.0,30.0,30.0,16.0,23.0,19.0,2.0,0.06801230257137417
2005-2006,Memphis Grizzlies,0,0,105.9,101.6,0.496,13.9,25.8,0.241,0.469,14.7,72.0,0.237,16.0,2.0,8.5,19.5,21.0,20.0,4.0,3.5,20.5,10.0,0.10251235979269467
2005-2006,Miami Heat,1,1,108.7,104.5,0.517,13.9,26.7,0.254,0.477,12.4,76.4,0.251,7.0,9.5,2.0,19.5,17.0,15.5,10.5,29.0,1.0,17.0,0.03320460271125782
2005-2006,Los Angeles Lakers,0,0,108.4,105.7,0.495,13.1,28.8,0.245,0.486,13.4,73.6,0.242,8.0,15.0,10.5,8.5,8.0,19.0,12.0,21.0,9.0,13.0,0.006392250039746223
2005-2006,Cleveland Cavaliers,0,0,107.8,105.4,0.4920000000000001,13.3,28.4,0.263,0.49,12.8,75.7,0.226,9.0,14.0,13.0,11.0,10.0,8.0,16.0,27.0,4.0,5.0,0.0015307414383872087
2005-2006,Los Angeles Clippers,0,0,105.3,103.6,0.487,13.8,25.4,0.263,0.471,12.2,75.9,0.24,18.0,8.0,17.5,16.5,26.0,8.0,5.0,30.0,3.0,11.5,0.00030645067037561217
2005-2006,Indiana Pacers,0,0,104.5,102.4,0.487,14.8,27.1,0.254,0.464,13.0,72.6,0.232,21.0,3.5,17.5,27.0,12.5,15.5,2.5,25.5,15.0,8.0,0.0025707742257194918
2005-2006,Sacramento Kings,0,0,106.7,105.0,0.4920000000000001,13.9,25.4,0.262,0.488,13.7,72.2,0.21,11.0,11.5,13.0,19.5,26.0,10.5,13.0,15.0,17.5,3.0,0.008052451237986662
2005-2006,Washington Wizards,0,0,109.3,107.3,0.484,12.8,29.5,0.284,0.504,15.1,70.9,0.256,6.0,22.0,21.0,4.0,6.0,4.0,23.5,2.0,26.0,18.0,0.0003300508072283408
2005-2006,Brooklyn Nets,0,0,103.9,102.4,0.478,13.3,24.0,0.262,0.476,14.0,76.3,0.266,25.0,3.5,25.0,11.0,29.0,10.5,9.0,9.5,2.0,25.0,8.195317751773901e-05
2005-2006,Chicago Bulls,0,0,104.0,103.4,0.487,13.9,26.3,0.21600000000000005,0.464,13.9,74.7,0.295,23.5,7.0,17.5,19.5,19.0,26.5,2.5,11.0,5.0,29.0,0.001861517983051859
2005-2006,Denver Nuggets,0,0,105.5,105.2,0.488,13.7,26.8,0.258,0.493,14.7,72.0,0.227,17.0,13.0,15.0,14.5,16.0,12.0,20.0,3.5,20.5,6.0,0.0018997121253478211
2005-2006,Milwaukee Bucks,0,0,106.3,107.4,0.4920000000000001,13.8,27.3,0.238,0.504,13.8,74.6,0.262,13.5,23.0,13.0,16.5,11.0,22.0,23.5,12.5,6.5,21.0,0.001025871711015271
2005-2006,Golden State Warriors,0,0,104.8,106.2,0.479,13.0,26.9,0.232,0.4920000000000001,14.1,71.6,0.243,20.0,17.0,24.0,6.5,14.5,24.0,19.0,7.5,22.0,14.5,0.00012639078634826554
2005-2006,Orlando Magic,0,0,106.3,107.5,0.496,14.7,28.5,0.27,0.49,13.0,72.5,0.264,13.5,24.0,8.5,25.5,9.0,5.5,16.0,25.5,16.0,24.0,0.00024841603182563653
2005-2006,Houston Rockets,0,0,101.6,103.3,0.471,14.3,25.5,0.24,0.472,13.1,74.6,0.247,29.0,6.0,27.0,23.0,23.5,21.0,6.0,24.0,6.5,16.0,7.060495782836441e-05
2005-2006,Boston Celtics,0,0,105.2,106.9,0.504,15.7,25.5,0.263,0.49,13.8,72.8,0.282,19.0,20.0,4.5,29.0,23.5,8.0,16.0,12.5,13.5,27.0,0.0008098284546027261
2005-2006,Minnesota Timberwolves,0,0,102.4,104.5,0.48,14.2,25.2,0.226,0.475,13.4,71.3,0.236,28.0,9.5,23.0,22.0,28.0,25.0,7.5,21.0,23.5,9.0,0.00014395633827832244
2005-2006,Philadelphia 76ers,0,0,106.0,108.1,0.487,13.3,25.6,0.27,0.5,14.3,71.3,0.24,15.0,25.0,17.5,11.0,22.0,5.5,21.0,5.5,23.5,11.5,0.00010828815451225658
2005-2006,Utah Jazz,0,0,104.1,107.0,0.467,15.0,32.4,0.28600000000000003,0.49,14.0,73.2,0.303,22.0,21.0,28.0,28.0,1.0,2.0,16.0,9.5,12.0,30.0,1.7516348852133646e-05
2005-2006,New Orleans Pelicans,0,0,103.7,106.8,0.464,12.9,26.9,0.257,0.502,14.3,73.4,0.243,26.0,19.0,29.5,5.0,14.5,13.0,22.0,5.5,10.0,14.5,6.158149739809659e-06
2005-2006,Oklahoma City Thunder,0,0,111.1,114.4,0.504,13.7,30.4,0.246,0.527,13.6,69.0,0.26,3.0,30.0,4.5,14.5,5.0,18.0,29.0,17.0,29.0,20.0,0.0024051379316324673
2005-2006,Toronto Raptors,0,0,109.5,112.7,0.5,12.4,25.4,0.249,0.53,13.5,73.3,0.263,5.0,29.0,6.0,3.0,26.0,17.0,30.0,18.5,11.0,22.5,0.0003896227567130611
2005-2006,Charlotte Hornets,0,0,102.5,106.7,0.464,13.0,27.1,0.233,0.514,16.5,70.7,0.263,27.0,18.0,29.5,6.5,12.5,23.0,28.0,1.0,27.0,22.5,6.703164395127144e-06
2005-2006,Atlanta Hawks,0,0,106.4,111.6,0.486,14.7,31.4,0.255,0.513,14.1,69.5,0.275,12.0,27.0,20.0,25.5,3.0,14.0,27.0,7.5,28.0,26.0,0.0002535931626597411
2005-2006,New York Knicks,0,0,104.0,111.0,0.481,16.5,31.2,0.303,0.511,13.4,72.8,0.294,23.5,26.0,22.0,30.0,4.0,1.0,26.0,21.0,13.5,28.0,3.011662511572614e-06
2005-2006,Portland Trail Blazers,0,0,101.1,111.9,0.474,14.5,26.6,0.214,0.507,12.6,68.2,0.231,30.0,28.0,26.0,24.0,18.0,28.0,25.0,28.0,30.0,7.0,2.3308051152215963e-06
2006-2007,San Antonio Spurs,1,1,109.2,99.9,0.521,13.6,24.2,0.235,0.471,14.0,75.7,0.201,5.0,2.0,2.0,9.0,27.0,20.0,2.0,19.5,3.0,1.0,0.40687440076674486
2006-2007,Dallas Mavericks,0,0,111.3,103.2,0.509,13.4,28.7,0.256,0.477,14.2,75.0,0.265,2.0,5.0,5.0,5.0,8.0,11.0,4.5,17.0,5.0,22.0,0.07522172493082054
2006-2007,Phoenix Suns,0,0,113.9,106.4,0.551,13.4,22.7,0.215,0.4920000000000001,13.6,71.9,0.206,1.0,13.0,1.0,5.0,29.0,28.0,12.0,23.5,20.0,3.0,0.13599841848137612
2006-2007,Houston Rockets,0,0,106.0,100.7,0.499,13.6,25.7,0.22,0.466,13.6,77.0,0.23,15.0,3.0,14.5,9.0,22.0,26.0,1.0,23.5,1.0,8.0,0.012958294780116798
2006-2007,Chicago Bulls,0,0,104.9,99.6,0.493,14.7,28.6,0.229,0.473,16.2,74.3,0.252,21.5,1.0,17.0,23.0,9.0,22.0,3.0,1.0,10.0,19.0,0.025755394183379982
2006-2007,Detroit Pistons,0,0,108.9,104.2,0.488,12.0,28.3,0.237,0.477,14.3,70.9,0.234,6.0,7.0,21.0,1.0,11.0,18.0,4.5,15.5,26.0,10.5,0.006168534620723467
2006-2007,Cleveland Cavaliers,1,0,105.5,101.3,0.484,13.4,29.7,0.223,0.48,14.7,75.8,0.243,18.0,4.0,22.0,5.0,3.0,24.0,6.5,6.0,2.0,14.5,0.004821842537573662
2006-2007,Utah Jazz,0,0,110.1,107.0,0.502,14.5,31.7,0.28300000000000003,0.496,14.4,75.1,0.314,3.5,18.0,11.0,18.5,1.0,3.0,13.0,13.5,4.0,30.0,0.005750285469447119
2006-2007,Denver Nuggets,0,0,107.6,105.9,0.501,14.6,28.9,0.268,0.499,14.5,71.8,0.203,8.0,11.0,12.0,21.5,7.0,8.0,15.5,10.5,21.0,2.0,0.03009428774433526
2006-2007,Toronto Raptors,0,0,107.0,106.0,0.504,13.0,22.2,0.239,0.503,14.3,74.5,0.219,11.0,12.0,8.5,3.0,30.0,17.0,21.5,15.5,8.0,5.0,0.003454962268837407
2006-2007,Orlando Magic,0,0,104.9,104.1,0.5,16.3,29.3,0.276,0.48,14.6,73.7,0.28600000000000003,21.5,6.0,13.0,30.0,4.0,5.0,6.5,8.0,13.0,29.0,0.0022363528503350433
2006-2007,Los Angeles Lakers,0,0,108.6,108.6,0.511,14.3,26.1,0.249,0.5,13.5,72.3,0.262,7.0,24.0,4.0,15.5,20.0,13.0,17.5,25.5,18.0,20.0,0.0013828936431067962
2006-2007,Golden State Warriors,0,0,107.0,107.4,0.512,14.1,25.6,0.215,0.506,16.1,69.6,0.264,11.0,19.0,3.0,12.5,23.0,28.0,24.0,2.0,29.0,21.0,0.01457720232924259
2006-2007,Los Angeles Clippers,0,0,105.1,105.6,0.481,14.5,27.2,0.28,0.488,13.3,74.7,0.249,19.5,10.0,24.0,18.5,16.5,4.0,9.0,27.5,6.5,17.5,4.756882396722482e-05
2006-2007,Washington Wizards,0,0,110.1,110.6,0.491,12.6,28.1,0.272,0.517,14.4,71.0,0.249,3.5,28.0,18.5,2.0,13.0,6.0,28.0,13.5,24.0,17.5,9.592271749500612e-05
2006-2007,Brooklyn Nets,0,0,105.7,106.6,0.504,14.2,24.6,0.245,0.49,13.7,74.4,0.266,16.5,15.0,8.5,14.0,26.0,15.0,10.0,22.0,9.0,23.0,0.0006107292800781261
2006-2007,New Orleans Pelicans,0,0,104.8,106.5,0.479,13.6,29.1,0.215,0.499,13.2,74.7,0.212,23.0,14.0,27.5,9.0,6.0,28.0,15.5,29.0,6.5,4.0,5.202125862512021e-05
2006-2007,Miami Heat,0,0,104.3,105.3,0.506,14.3,24.9,0.222,0.485,13.8,73.3,0.232,24.0,8.0,6.0,15.5,25.0,25.0,8.0,21.0,14.0,9.0,0.002564309422320058
2006-2007,Sacramento Kings,0,0,106.2,108.0,0.491,13.5,23.1,0.289,0.513,14.9,72.5,0.24,14.0,22.0,18.5,7.0,28.0,1.0,26.0,3.0,17.0,13.0,7.240239257096256e-05
2006-2007,Oklahoma City Thunder,0,0,107.2,110.3,0.499,14.5,27.8,0.228,0.515,14.1,70.9,0.243,9.0,27.0,14.5,18.5,14.0,23.0,27.0,18.0,26.0,14.5,0.0007618265493135316
2006-2007,Indiana Pacers,0,0,102.9,105.5,0.474,15.1,28.4,0.246,0.491,14.8,72.7,0.271,30.0,9.0,29.0,25.5,10.0,14.0,11.0,4.0,16.0,26.0,5.6519172185890876e-05
2006-2007,New York Knicks,0,0,105.7,108.8,0.494,15.9,31.0,0.27,0.504,13.0,74.0,0.246,16.5,25.0,16.0,29.0,2.0,7.0,23.0,30.0,11.0,16.0,5.936604636993521e-05
2006-2007,Minnesota Timberwolves,0,0,103.9,107.9,0.49,14.8,25.1,0.231,0.498,13.3,72.1,0.226,25.0,21.0,20.0,24.0,24.0,21.0,14.0,27.5,19.0,7.0,4.4000254053748164e-05
2006-2007,Philadelphia 76ers,0,0,103.6,106.9,0.48,14.6,27.2,0.255,0.501,14.7,70.8,0.221,26.5,16.5,25.5,21.5,16.5,12.0,19.0,6.0,28.0,6.0,5.356246123951839e-05
2006-2007,Boston Celtics,0,0,103.2,106.9,0.479,15.4,27.0,0.259,0.502,14.5,73.8,0.28,28.0,16.5,27.5,28.0,18.0,10.0,20.0,10.5,12.0,28.0,1.0310929778330487e-05
2006-2007,Portland Trail Blazers,0,0,105.1,109.9,0.483,14.5,28.2,0.241,0.508,13.5,73.0,0.267,19.5,26.0,23.0,18.5,12.0,16.0,25.0,25.5,15.0,24.0,6.688918352448211e-06
2006-2007,Charlotte Hornets,0,0,103.6,107.6,0.48,13.9,26.4,0.236,0.5,14.7,71.6,0.279,26.5,20.0,25.5,11.0,19.0,19.0,17.5,6.0,22.0,27.0,9.439891368556668e-06
2006-2007,Milwaukee Bucks,0,0,107.0,111.7,0.504,14.1,27.6,0.209,0.522,14.5,68.1,0.234,11.0,29.0,8.5,12.5,15.0,30.0,29.0,10.5,30.0,10.5,0.0019173988188261
2006-2007,Memphis Grizzlies,0,0,106.9,112.3,0.504,15.2,25.9,0.285,0.529,14.0,71.1,0.237,13.0,30.0,8.5,27.0,21.0,2.0,30.0,19.5,23.0,12.0,0.00012471815749472688
2006-2007,Atlanta Hawks,0,0,103.0,108.3,0.471,15.1,29.2,0.263,0.503,14.5,70.9,0.268,29.0,23.0,30.0,25.5,5.0,9.0,21.5,10.5,26.0,25.0,2.022196620818572e-06
2007-2008,Boston Celtics,1,1,110.2,98.9,0.522,14.7,26.6,0.267,0.457,15.2,74.4,0.253,9.5,1.0,5.0,29.0,17.5,3.0,1.0,1.0,8.0,23.0,0.29458600666322876
2007-2008,Los Angeles Lakers,1,0,113.0,105.5,0.525,12.9,26.3,0.256,0.485,12.9,73.4,0.214,3.0,5.5,4.0,9.5,19.0,8.5,7.0,17.5,15.5,9.5,0.08424562569940543
2007-2008,Utah Jazz,0,0,113.8,106.5,0.528,13.6,29.5,0.265,0.501,15.0,74.1,0.294,1.0,12.0,3.0,19.0,5.0,4.0,16.0,3.0,9.0,30.0,0.1039097429909867
2007-2008,Detroit Pistons,0,0,111.4,102.9,0.495,11.4,29.4,0.23,0.47,13.4,73.7,0.244,6.0,4.0,15.0,2.0,6.0,12.5,3.0,13.5,12.5,19.0,0.014838726806689758
2007-2008,New Orleans Pelicans,0,0,111.5,105.7,0.512,11.4,27.0,0.193,0.501,13.5,75.4,0.184,5.0,7.0,6.0,2.0,13.0,29.0,16.0,11.0,3.0,1.0,0.25421018411284474
2007-2008,Phoenix Suns,0,0,113.3,108.1,0.551,13.4,22.4,0.228,0.488,11.8,70.9,0.191,2.0,16.0,1.0,14.5,29.0,14.0,8.0,29.0,29.0,2.0,0.036129124458959085
2007-2008,San Antonio Spurs,0,0,107.2,101.8,0.504,12.6,23.4,0.21,0.477,12.8,77.1,0.201,15.0,3.0,10.0,7.5,26.0,24.0,5.0,21.0,1.0,4.0,0.019775063806411076
2007-2008,Houston Rockets,0,0,106.8,101.6,0.4920000000000001,13.0,29.1,0.2,0.465,12.8,74.8,0.214,17.0,2.0,16.5,11.0,7.0,27.5,2.0,21.0,6.5,9.5,0.011929420596244163
2007-2008,Orlando Magic,0,0,111.3,105.5,0.537,13.6,23.4,0.256,0.484,12.3,74.8,0.217,7.0,5.5,2.0,19.0,26.0,8.5,6.0,24.0,6.5,13.0,0.05426366939801655
2007-2008,Dallas Mavericks,0,0,111.1,106.1,0.502,12.3,26.7,0.259,0.474,11.7,75.0,0.252,8.0,9.0,12.0,5.0,16.0,7.0,4.0,30.0,4.5,22.0,0.0010597556623428092
2007-2008,Denver Nuggets,0,0,110.0,106.3,0.51,12.9,25.5,0.269,0.499,14.1,72.1,0.203,11.0,10.0,9.0,9.5,21.0,2.0,14.0,6.5,22.0,5.0,0.005792539828446037
2007-2008,Toronto Raptors,0,0,110.2,107.0,0.511,11.4,23.4,0.2,0.505,13.5,75.0,0.205,9.5,13.0,7.5,2.0,26.0,27.5,21.5,11.0,4.5,6.5,0.018326393652571552
2007-2008,Golden State Warriors,0,0,111.8,109.5,0.511,11.5,27.2,0.208,0.509,14.7,70.3,0.258,4.0,22.5,7.5,4.0,12.0,25.0,23.0,4.0,30.0,25.5,0.007466630416124419
2007-2008,Philadelphia 76ers,0,0,106.4,106.0,0.482,13.4,31.8,0.227,0.504,15.1,72.0,0.205,18.0,8.0,23.0,14.5,1.0,15.0,20.0,2.0,23.0,6.5,0.0017123760038542258
2007-2008,Portland Trail Blazers,0,0,107.3,108.4,0.489,12.6,26.8,0.21600000000000005,0.491,12.1,71.8,0.212,14.0,17.0,18.5,7.5,14.5,22.0,9.0,26.5,25.0,8.0,0.0003488689631592435
2007-2008,Cleveland Cavaliers,0,0,106.0,106.4,0.48,13.1,30.4,0.221,0.494,12.9,75.9,0.24,19.5,11.0,26.0,12.0,2.0,20.0,10.0,17.5,2.0,18.0,0.0002652431550945272
2007-2008,Washington Wizards,0,0,109.2,109.6,0.489,12.5,28.9,0.233,0.513,13.5,72.8,0.217,12.0,24.0,18.5,6.0,8.5,11.0,26.5,11.0,20.0,13.0,0.00011253140296423973
2007-2008,Sacramento Kings,0,0,107.5,109.9,0.503,14.8,25.2,0.276,0.51,13.9,71.7,0.256,13.0,25.0,11.0,30.0,22.0,1.0,24.5,8.0,26.5,24.0,0.00035469118825089715
2007-2008,Indiana Pacers,0,0,106.0,107.5,0.498,13.5,24.4,0.224,0.498,14.1,73.9,0.271,19.5,15.0,14.0,17.0,23.0,18.0,13.0,6.5,10.0,28.5,0.0007295006662029242
2007-2008,Atlanta Hawks,0,0,106.9,108.9,0.483,14.0,29.7,0.263,0.501,12.9,71.7,0.217,16.0,18.0,21.0,24.5,4.0,6.0,16.0,17.5,26.5,13.0,0.00019751512489949837
2007-2008,Chicago Bulls,0,0,103.9,107.2,0.47,13.4,28.9,0.223,0.496,14.2,73.1,0.258,26.0,14.0,28.0,14.5,8.5,19.0,11.0,5.0,17.5,25.5,4.903558064814445e-05
2007-2008,Charlotte Hornets,0,0,104.6,109.4,0.4920000000000001,13.9,25.6,0.23,0.505,13.4,71.0,0.235,24.0,20.5,16.5,23.0,20.0,12.5,21.5,13.5,28.0,16.0,4.637077571506805e-05
2007-2008,Brooklyn Nets,0,0,104.0,109.4,0.481,14.2,26.6,0.255,0.4970000000000001,12.7,73.8,0.271,25.0,20.5,25.0,26.0,17.5,10.0,12.0,23.0,11.0,28.5,7.2104716909900674e-06
2007-2008,Memphis Grizzlies,0,0,105.0,111.4,0.5,14.0,23.8,0.225,0.521,12.2,73.4,0.196,22.0,28.0,13.0,24.5,24.0,17.0,29.0,25.0,15.5,3.0,4.7046000886571554e-05
2007-2008,Minnesota Timberwolves,0,0,103.8,111.2,0.484,13.6,27.5,0.183,0.513,12.9,73.6,0.269,27.0,27.0,20.0,19.0,11.0,30.0,26.5,17.5,14.0,27.0,1.0478802041567836e-05
2007-2008,New York Knicks,0,0,104.7,111.9,0.475,13.4,28.6,0.226,0.518,12.1,72.7,0.229,23.0,29.0,27.0,14.5,10.0,16.0,28.0,26.5,21.0,15.0,1.0953694087046858e-06
2007-2008,Los Angeles Clippers,0,0,101.2,109.1,0.465,13.7,23.1,0.264,0.503,12.8,73.1,0.236,28.0,19.0,30.0,21.5,28.0,5.0,18.5,21.0,17.5,17.0,1.1991681031387774e-06
2007-2008,Milwaukee Bucks,0,0,105.3,112.8,0.482,13.7,30.0,0.215,0.524,13.0,73.0,0.25,21.0,30.0,23.0,21.5,3.0,23.0,30.0,15.0,19.0,21.0,1.863557672492356e-05
2007-2008,Oklahoma City Thunder,0,0,100.5,109.5,0.467,14.3,26.8,0.204,0.503,11.9,73.7,0.215,29.5,22.5,29.0,27.0,14.5,26.0,18.5,28.0,12.5,11.0,6.982831968242992e-06
2007-2008,Miami Heat,0,0,100.5,110.0,0.482,14.4,22.1,0.218,0.51,13.6,71.9,0.245,29.5,26.0,23.0,28.0,30.0,21.0,24.5,9.0,24.0,20.0,1.0235469489456842e-05
2008-2009,Cleveland Cavaliers,0,0,112.4,102.4,0.519,12.5,27.7,0.236,0.468,13.5,74.6,0.226,4.0,3.0,4.0,7.5,12.0,14.5,2.0,10.0,8.5,11.0,0.32658500903025484
2008-2009,Boston Celtics,0,0,110.5,102.3,0.528,15.0,27.9,0.251,0.47,14.0,75.6,0.253,5.5,2.0,2.0,29.0,7.5,6.5,3.0,9.0,3.0,23.0,0.4904852682047978
2008-2009,Los Angeles Lakers,1,1,112.8,104.7,0.513,12.3,29.4,0.23,0.49,14.2,73.0,0.213,3.0,6.0,5.5,5.0,3.0,20.5,8.0,6.0,17.5,6.0,0.3809731192170901
2008-2009,Orlando Magic,1,0,109.2,101.9,0.52,13.4,24.0,0.251,0.465,12.3,75.9,0.209,11.0,1.0,3.0,19.5,28.5,6.5,1.0,25.5,2.0,4.0,0.0630740153111008
2008-2009,Portland Trail Blazers,0,0,113.9,107.8,0.511,12.5,32.6,0.234,0.499,13.2,75.0,0.227,1.0,13.5,8.0,7.5,1.0,17.0,14.5,13.0,5.5,13.0,0.0774821281706011
2008-2009,Houston Rockets,0,0,108.4,104.0,0.501,13.6,26.4,0.235,0.479,11.9,75.3,0.192,14.5,4.0,14.0,21.5,17.0,16.0,4.0,28.0,4.0,2.0,0.012764098636353926
2008-2009,San Antonio Spurs,0,0,108.5,104.3,0.513,11.7,22.1,0.191,0.487,11.7,78.0,0.191,13.0,5.0,5.5,1.5,30.0,30.0,7.0,29.5,1.0,1.0,0.019111878351237222
2008-2009,Denver Nuggets,0,0,110.4,106.8,0.512,14.2,27.5,0.29,0.485,14.1,71.7,0.259,7.0,8.0,7.0,24.0,15.0,1.0,5.5,7.5,22.5,25.0,0.034452928487339926
2008-2009,Utah Jazz,0,0,110.1,107.3,0.504,13.6,28.2,0.274,0.505,15.0,72.7,0.262,8.0,10.0,10.0,21.5,5.0,2.0,18.0,2.0,20.5,26.0,0.012355880036959551
2008-2009,Atlanta Hawks,0,0,109.3,107.6,0.504,12.5,26.0,0.238,0.494,13.2,71.6,0.21,10.0,11.5,10.0,7.5,19.0,13.0,11.0,13.0,24.0,5.0,0.007555165130344712
2008-2009,Dallas Mavericks,0,0,110.5,108.4,0.504,12.1,26.6,0.224,0.493,12.3,74.6,0.225,5.5,17.0,10.0,3.5,16.0,22.5,9.5,25.5,8.5,10.0,0.006745178431004198
2008-2009,Phoenix Suns,0,0,113.6,111.6,0.545,14.4,27.7,0.25,0.511,12.8,71.7,0.233,2.0,26.0,1.0,26.0,12.0,8.0,22.5,21.0,22.5,17.0,0.01029518472663248
2008-2009,New Orleans Pelicans,0,0,108.7,107.0,0.501,12.5,24.6,0.232,0.496,13.2,74.9,0.23,12.0,9.0,14.0,7.5,24.5,18.0,12.0,13.0,7.0,16.0,0.004163567495218125
2008-2009,Miami Heat,0,0,107.8,107.6,0.5,12.1,24.6,0.212,0.501,14.5,72.9,0.251,20.0,11.5,16.0,3.5,24.5,26.5,16.0,4.0,19.0,21.5,0.0006328420098702477
2008-2009,Philadelphia 76ers,0,0,107.9,107.8,0.485,13.4,31.3,0.253,0.507,14.9,71.4,0.21600000000000005,19.0,13.5,24.0,19.5,2.0,4.0,19.0,3.0,25.5,8.5,0.00029909050033798145
2008-2009,Chicago Bulls,0,0,108.4,108.7,0.493,13.3,28.0,0.239,0.493,13.1,70.9,0.238,14.5,18.0,21.0,17.5,6.0,11.5,9.5,15.0,28.0,18.0,0.000323675191452857
2008-2009,Detroit Pistons,0,0,107.4,108.0,0.483,11.7,27.9,0.212,0.485,11.7,74.0,0.248,21.0,16.0,25.5,1.5,7.5,26.5,5.5,29.5,11.5,20.0,2.221012374041917e-05
2008-2009,Indiana Pacers,0,0,108.1,109.2,0.501,13.1,25.4,0.215,0.499,12.7,74.5,0.271,17.5,19.0,14.0,14.5,21.0,25.0,14.5,22.0,10.0,28.0,0.00023338569514454733
2008-2009,Milwaukee Bucks,0,0,106.7,107.9,0.483,13.1,27.8,0.239,0.503,15.6,74.0,0.315,23.0,15.0,25.5,14.5,9.0,11.5,17.0,1.0,11.5,30.0,5.289828647821002e-05
2008-2009,Charlotte Hornets,0,0,104.7,106.1,0.494,15.1,27.7,0.231,0.498,14.4,73.0,0.229,27.0,7.0,19.5,30.0,12.0,19.0,13.0,5.0,17.5,15.0,0.0014950523101100043
2008-2009,Brooklyn Nets,0,0,108.3,111.0,0.4970000000000001,12.7,25.2,0.236,0.509,13.0,73.5,0.272,16.0,24.0,17.5,10.0,22.0,14.5,21.0,17.5,15.5,29.0,2.6408151494182137e-05
2008-2009,New York Knicks,0,0,108.1,110.8,0.503,12.9,24.4,0.21,0.52,13.0,72.7,0.215,17.5,23.0,12.0,12.5,27.0,28.0,28.0,17.5,20.5,7.0,0.00034552871121029124
2008-2009,Toronto Raptors,0,0,107.0,110.0,0.494,12.8,24.0,0.23,0.511,12.6,73.7,0.202,22.0,22.0,19.5,11.0,28.5,20.5,22.5,23.0,14.0,3.0,3.0995756298034165e-05
2008-2009,Golden State Warriors,0,0,109.5,113.3,0.4970000000000001,12.9,26.1,0.268,0.508,12.9,68.1,0.251,9.0,28.0,17.5,12.5,18.0,3.0,20.0,20.0,30.0,21.5,3.369792505394506e-05
2008-2009,Minnesota Timberwolves,0,0,106.1,111.4,0.481,13.3,27.7,0.222,0.515,12.0,75.0,0.254,24.0,25.0,27.5,17.5,12.0,24.0,26.5,27.0,5.5,24.0,2.9715000194911106e-06
2008-2009,Memphis Grizzlies,0,0,103.5,109.5,0.486,14.8,25.8,0.249,0.515,14.1,73.5,0.247,28.0,21.0,23.0,27.5,20.0,9.0,26.5,7.5,15.5,19.0,1.302222069536372e-05
2008-2009,Oklahoma City Thunder,0,0,102.9,109.4,0.471,14.8,28.6,0.242,0.514,13.0,73.9,0.21600000000000005,29.0,20.0,30.0,27.5,4.0,10.0,25.0,17.5,13.0,8.5,5.746905799972301e-06
2008-2009,Washington Wizards,0,0,105.4,113.6,0.48,13.2,27.7,0.224,0.5329999999999999,13.3,71.4,0.227,26.0,29.0,29.0,16.0,12.0,22.5,30.0,11.0,25.5,13.0,3.4510375959851397e-06
2008-2009,Los Angeles Clippers,0,0,102.3,111.7,0.481,14.0,25.1,0.202,0.512,12.4,71.2,0.227,30.0,27.0,27.5,23.0,23.0,29.0,24.0,24.0,27.0,13.0,2.35635342681213e-06
2008-2009,Sacramento Kings,0,0,105.5,114.7,0.491,14.3,24.5,0.252,0.526,13.0,69.9,0.269,25.0,30.0,22.0,25.0,26.0,5.0,29.0,17.5,29.0,27.0,7.540875610999456e-07
2009-2010,Orlando Magic,0,0,111.4,103.3,0.536,13.6,24.6,0.246,0.477,12.2,77.4,0.205,4.0,3.0,2.0,18.0,25.0,7.5,1.0,26.5,1.0,4.0,0.21028727908806572
2009-2010,Cleveland Cavaliers,0,0,111.2,104.1,0.532,13.4,25.1,0.246,0.482,12.3,77.2,0.218,6.0,6.5,3.0,16.0,21.5,7.5,3.0,24.5,2.0,13.0,0.052274737679559646
2009-2010,Utah Jazz,0,0,110.7,105.0,0.524,14.2,26.8,0.252,0.4920000000000001,14.2,75.6,0.269,8.0,10.0,4.0,26.0,13.5,4.0,13.0,5.5,5.0,30.0,0.0441843136922784
2009-2010,San Antonio Spurs,0,0,110.0,104.5,0.515,12.9,26.8,0.219,0.483,12.1,76.3,0.214,9.0,8.0,7.0,11.0,13.5,20.0,4.5,28.0,4.0,10.5,0.0229736289050637
2009-2010,Los Angeles Lakers,1,1,108.8,103.7,0.496,12.4,27.6,0.221,0.484,13.2,74.4,0.195,11.0,4.0,16.0,5.0,8.5,18.0,6.5,19.0,9.0,2.0,0.012803678428077569
2009-2010,Phoenix Suns,0,0,115.3,110.2,0.546,13.6,27.6,0.24,0.491,11.6,70.8,0.224,1.0,23.0,1.0,18.0,8.5,10.5,11.5,30.0,29.0,16.0,0.008996532587730059
2009-2010,Atlanta Hawks,0,0,111.9,106.7,0.506,11.4,28.2,0.213,0.496,13.2,72.7,0.208,2.0,13.0,12.0,1.0,4.5,23.0,16.0,19.0,24.0,8.0,0.01688641602589617
2009-2010,Denver Nuggets,0,0,111.8,107.5,0.509,12.7,26.1,0.29,0.495,13.8,72.4,0.251,3.0,16.0,9.5,7.0,19.5,1.0,14.5,9.5,25.5,24.5,0.0024612117827311182
2009-2010,Oklahoma City Thunder,0,0,108.3,104.6,0.494,13.9,28.6,0.268,0.483,14.0,73.6,0.229,12.5,9.0,19.0,24.5,3.0,2.0,4.5,7.0,16.5,17.5,0.0059576406354841524
2009-2010,Boston Celtics,1,0,107.7,103.8,0.522,14.5,22.8,0.248,0.487,14.9,73.8,0.251,15.0,5.0,5.0,27.0,28.0,6.0,9.0,2.0,13.0,24.5,0.03182289571760722
2009-2010,Portland Trail Blazers,0,0,110.8,107.1,0.499,12.1,28.2,0.249,0.502,13.3,74.8,0.219,7.0,15.0,14.0,2.0,4.5,5.0,17.5,16.0,7.5,14.0,0.0010151173763174523
2009-2010,Dallas Mavericks,0,0,109.2,106.3,0.506,12.3,24.3,0.226,0.495,13.6,73.7,0.206,10.0,12.0,12.0,3.5,26.0,15.0,14.5,11.5,15.0,6.0,0.00463974843271806
2009-2010,Miami Heat,0,0,106.6,104.1,0.496,12.8,26.1,0.223,0.48,13.9,74.9,0.246,19.0,6.5,16.0,9.5,19.5,17.0,2.0,8.0,6.0,22.0,0.00237323188009497
2009-2010,Milwaukee Bucks,0,0,104.9,103.1,0.482,12.3,26.2,0.181,0.486,14.6,76.4,0.266,23.0,2.0,25.0,3.5,18.0,30.0,8.0,4.0,3.0,29.0,0.0007365697491220563
2009-2010,Charlotte Hornets,0,0,104.4,102.8,0.49,15.1,26.5,0.26,0.491,14.7,74.2,0.194,24.0,1.0,24.0,30.0,17.0,3.0,11.5,3.0,10.0,1.0,0.0027040162863689048
2009-2010,Houston Rockets,0,0,107.6,108.0,0.494,13.2,26.9,0.225,0.511,13.6,73.8,0.215,16.5,17.0,19.0,14.0,12.0,16.0,21.0,11.5,13.0,12.0,0.00043348086823047675
2009-2010,Memphis Grizzlies,0,0,108.3,109.9,0.494,13.7,31.3,0.235,0.52,13.2,73.3,0.205,12.5,19.5,19.0,21.0,1.0,12.0,25.0,19.0,20.0,4.0,0.0006095665386321469
2009-2010,Chicago Bulls,0,0,103.5,105.3,0.477,13.3,26.6,0.217,0.484,12.3,74.8,0.212,27.0,11.0,28.0,15.0,16.0,21.0,6.5,24.5,7.5,9.0,4.287930299212977e-05
2009-2010,Toronto Raptors,0,0,111.3,113.2,0.521,12.7,24.7,0.244,0.513,11.8,72.9,0.247,5.0,30.0,6.0,7.0,24.0,9.0,22.0,29.0,23.0,23.0,0.00010645559090164154
2009-2010,New Orleans Pelicans,0,0,107.4,110.1,0.506,12.7,24.8,0.189,0.523,13.5,73.8,0.205,18.0,21.5,12.0,7.0,23.0,29.0,26.0,13.0,13.0,4.0,0.0006782799923436364
2009-2010,Indiana Pacers,0,0,103.7,106.8,0.491,13.8,21.6,0.229,0.49,13.4,73.0,0.258,26.0,14.0,22.0,23.0,29.0,14.0,10.0,14.0,22.0,26.0,3.850077874696558e-05
2009-2010,Golden State Warriors,0,0,108.1,111.7,0.514,13.1,20.9,0.23,0.525,15.1,68.5,0.26,14.0,29.0,8.0,13.0,30.0,13.0,27.5,1.0,30.0,27.0,0.00019646941280314194
2009-2010,Philadelphia 76ers,0,0,106.1,110.3,0.496,13.7,27.6,0.204,0.518,13.8,73.2,0.231,20.0,24.0,16.0,21.0,8.5,27.0,24.0,9.5,21.0,19.0,0.0003661682506278371
2009-2010,New York Knicks,0,0,107.6,111.6,0.509,13.0,23.5,0.2,0.526,13.3,72.1,0.207,16.5,27.5,9.5,12.0,27.0,28.0,29.5,16.0,27.0,7.0,0.0003030953824224463
2009-2010,Sacramento Kings,0,0,105.3,109.9,0.491,13.6,27.8,0.207,0.505,12.6,73.5,0.244,22.0,19.5,22.0,18.0,6.0,24.5,19.0,23.0,18.0,21.0,4.2201381873845416e-05
2009-2010,Washington Wizards,0,0,104.2,109.4,0.481,13.9,27.6,0.21600000000000005,0.502,12.8,72.4,0.239,25.0,18.0,26.0,24.5,8.5,22.0,17.5,22.0,25.5,20.0,2.2386893008386075e-05
2009-2010,Detroit Pistons,0,0,105.6,111.4,0.474,12.8,30.3,0.22,0.526,14.2,73.4,0.264,21.0,26.0,29.0,9.5,2.0,19.0,29.5,5.5,19.0,28.0,5.958935847187211e-06
2009-2010,Los Angeles Clippers,0,0,103.3,110.1,0.491,14.8,27.1,0.206,0.509,12.2,74.0,0.214,28.0,21.5,22.0,29.0,11.0,26.0,20.0,26.5,11.0,10.5,3.698169386650478e-05
2009-2010,Brooklyn Nets,0,0,100.6,110.5,0.458,13.7,25.1,0.24,0.517,13.3,71.8,0.229,30.0,25.0,30.0,21.0,21.5,10.5,23.0,16.0,28.0,17.5,6.196520303325055e-07
2009-2010,Minnesota Timberwolves,0,0,101.7,111.6,0.478,14.6,26.7,0.207,0.525,13.0,73.6,0.22,29.0,27.5,27.0,28.0,15.0,24.5,27.5,21.0,16.5,15.0,4.284501472945217e-06
2010-2011,Miami Heat,1,0,111.7,103.5,0.524,13.5,25.2,0.279,0.475,12.6,75.5,0.223,3.0,5.0,4.0,18.5,19.0,3.0,3.5,27.0,4.0,11.0,0.07264699514373818
2010-2011,Chicago Bulls,0,0,108.3,100.3,0.501,13.5,29.4,0.227,0.463,13.6,76.2,0.222,11.0,1.5,13.0,18.5,4.0,14.5,1.0,11.0,2.5,10.0,0.12246191628482614
2010-2011,Los Angeles Lakers,0,0,111.0,104.3,0.502,12.3,29.2,0.228,0.477,12.8,72.3,0.181,6.0,6.0,11.0,2.0,5.0,13.0,5.0,22.0,22.0,1.0,0.01872695707383046
2010-2011,San Antonio Spurs,0,0,111.8,105.6,0.527,12.8,24.9,0.229,0.491,12.6,74.6,0.19,2.0,11.0,1.0,7.5,21.0,12.0,10.0,27.0,10.5,2.0,0.055686332769614606
2010-2011,Orlando Magic,0,0,107.9,102.0,0.521,14.3,26.1,0.227,0.475,13.3,76.9,0.219,14.0,3.0,6.0,26.0,15.5,14.5,3.5,14.0,1.0,7.5,0.15262894125846155
2010-2011,Boston Celtics,0,0,106.2,100.3,0.519,14.5,21.1,0.235,0.469,14.8,74.7,0.235,18.5,1.5,7.0,28.0,30.0,8.5,2.0,3.0,9.0,19.5,0.046716567319722915
2010-2011,Denver Nuggets,0,0,112.3,107.3,0.526,13.1,23.9,0.281,0.5,12.7,75.4,0.224,1.0,16.0,2.0,11.5,27.0,2.0,15.0,24.5,5.0,12.0,0.011226485448906488
2010-2011,Dallas Mavericks,1,1,109.7,105.0,0.525,13.6,24.1,0.222,0.488,13.0,74.8,0.206,8.0,7.5,3.0,21.0,26.0,18.0,9.0,17.5,7.5,3.0,0.19874836032721102
2010-2011,Oklahoma City Thunder,0,0,111.2,107.2,0.501,13.1,27.4,0.299,0.493,12.9,73.6,0.228,5.0,15.0,13.0,11.5,11.0,1.0,11.0,19.5,17.0,13.5,0.0022010742540096748
2010-2011,Memphis Grizzlies,0,0,107.6,105.1,0.493,13.0,28.9,0.218,0.502,15.7,72.5,0.228,16.0,9.0,19.5,9.5,6.0,20.0,18.0,1.0,21.0,13.5,0.0029640238911755176
2010-2011,Houston Rockets,0,0,111.3,109.0,0.503,12.3,27.4,0.239,0.5,12.6,72.7,0.219,4.0,19.5,10.0,2.0,11.0,6.0,15.0,27.0,20.0,7.5,0.0008344014412366998
2010-2011,Portland Trail Blazers,0,0,108.8,107.1,0.486,12.6,29.5,0.224,0.51,15.4,72.0,0.231,10.0,14.0,22.5,5.5,3.0,17.0,22.0,2.0,24.5,16.5,0.001324113077669091
2010-2011,New Orleans Pelicans,0,0,106.2,105.2,0.493,12.8,25.1,0.226,0.501,14.4,76.2,0.22,18.5,10.0,19.5,7.5,20.0,16.0,17.0,6.5,2.5,9.0,0.0009535153552536971
2010-2011,Philadelphia 76ers,0,0,106.6,105.0,0.494,12.3,24.6,0.21,0.487,13.5,74.5,0.231,17.0,7.5,18.0,2.0,23.0,26.0,7.5,12.5,12.0,16.5,0.001550049029161532
2010-2011,New York Knicks,0,0,110.9,110.1,0.513,12.6,24.2,0.246,0.511,13.8,71.9,0.24,7.0,22.5,8.0,5.5,24.5,4.0,23.0,9.0,26.0,23.0,0.00042114827227621854
2010-2011,Phoenix Suns,0,0,109.5,110.4,0.522,13.2,23.7,0.215,0.513,13.1,71.6,0.211,9.0,25.0,5.0,13.0,28.0,24.5,25.5,15.5,28.0,5.0,0.004236571484135742
2010-2011,Milwaukee Bucks,0,0,101.6,102.5,0.467,13.0,24.7,0.217,0.481,14.7,74.8,0.236,30.0,4.0,30.0,9.5,22.0,21.5,6.0,4.0,7.5,21.0,8.222451262027623e-05
2010-2011,Atlanta Hawks,0,0,106.1,107.0,0.501,13.5,23.4,0.209,0.495,12.3,74.6,0.211,20.5,13.0,13.0,18.5,29.0,27.0,12.0,29.0,10.5,5.0,0.0009417097255250493
2010-2011,Indiana Pacers,0,0,104.8,106.0,0.486,14.1,25.9,0.235,0.487,12.8,74.1,0.237,23.0,12.0,22.5,24.5,17.0,8.5,7.5,22.0,15.0,22.0,6.051355582845521e-05
2010-2011,Utah Jazz,0,0,108.1,110.1,0.498,13.5,27.0,0.241,0.505,13.8,71.7,0.275,13.0,22.5,15.0,18.5,13.0,5.0,20.0,9.0,27.0,30.0,0.0001447033331919482
2010-2011,Golden State Warriors,0,0,108.2,110.7,0.51,13.3,26.7,0.183,0.509,14.5,69.3,0.259,12.0,26.0,9.0,14.0,14.0,30.0,21.0,5.0,30.0,29.0,0.0021534926923447114
2010-2011,Los Angeles Clippers,0,0,105.3,108.7,0.496,15.1,28.4,0.234,0.499,12.8,73.2,0.25,22.0,18.0,16.0,29.5,7.0,10.0,13.0,22.0,19.0,26.0,8.944116063063102e-05
2010-2011,Detroit Pistons,0,0,107.7,111.7,0.495,12.5,27.4,0.206,0.526,13.8,72.1,0.235,15.0,28.0,17.0,4.0,11.0,29.0,30.0,9.0,23.0,19.5,0.00010932128411379787
2010-2011,Charlotte Hornets,0,0,103.4,107.8,0.482,14.1,25.7,0.237,0.5,12.9,75.2,0.229,26.0,17.0,25.0,24.5,18.0,7.0,15.0,19.5,6.0,15.0,1.7178925805733736e-05
2010-2011,Sacramento Kings,0,0,103.5,109.0,0.48,14.4,29.9,0.208,0.513,13.5,74.4,0.233,25.0,19.5,26.0,27.0,1.0,28.0,25.5,12.5,13.0,18.0,0.00010572491805915742
2010-2011,Minnesota Timberwolves,0,0,104.2,111.1,0.483,15.1,29.6,0.217,0.514,13.1,73.7,0.251,24.0,27.0,24.0,29.5,2.0,21.5,27.0,15.5,16.0,27.5,1.7667083284487432e-05
2010-2011,Brooklyn Nets,0,0,103.1,109.9,0.474,13.4,26.1,0.215,0.503,11.8,74.2,0.241,27.0,21.0,27.0,15.5,15.5,24.5,19.0,30.0,14.0,24.0,2.072462410110438e-06
2010-2011,Toronto Raptors,0,0,106.1,112.9,0.491,13.7,28.2,0.221,0.522,13.0,72.0,0.251,20.5,30.0,21.0,22.0,8.0,19.0,28.0,17.5,24.5,27.5,9.440079973376165e-06
2010-2011,Washington Wizards,0,0,102.4,110.2,0.471,13.9,28.0,0.21600000000000005,0.512,14.4,70.5,0.249,28.0,24.0,29.0,23.0,9.0,23.0,24.0,6.5,29.0,25.0,7.794688842195995e-06
2010-2011,Cleveland Cavaliers,0,0,102.2,111.8,0.472,13.4,24.2,0.233,0.524,12.7,73.3,0.211,29.0,29.0,28.0,15.5,24.5,11.0,29.0,24.5,18.0,5.0,3.252977377176748e-07
2011-2012,Chicago Bulls,0,0,107.4,98.3,0.49,13.2,32.6,0.184,0.45,12.8,74.3,0.175,5.0,2.0,14.0,8.0,1.0,27.0,1.0,27.0,8.5,3.0,0.13466039868476803
2011-2012,San Antonio Spurs,0,0,110.9,103.2,0.528,12.8,25.1,0.195,0.489,12.9,76.0,0.168,1.0,10.5,1.0,3.0,24.0,19.5,15.5,24.5,1.0,2.0,0.10107014242013543
2011-2012,Oklahoma City Thunder,1,0,109.8,103.2,0.516,15.3,27.8,0.269,0.465,13.0,72.1,0.207,2.0,10.5,2.5,30.0,10.5,1.0,4.0,23.0,23.0,16.0,0.09563973992947589
2011-2012,Miami Heat,1,1,106.6,100.2,0.505,14.5,26.6,0.238,0.479,15.8,73.9,0.2,8.0,4.0,5.5,23.5,18.5,4.0,8.5,3.0,10.0,11.5,0.20370199174582523
2011-2012,Philadelphia 76ers,0,0,103.9,99.2,0.48,10.9,24.4,0.161,0.46,13.5,75.2,0.192,20.0,3.0,19.0,1.0,25.0,30.0,3.0,19.5,4.0,8.0,0.0020591272036694012
2011-2012,Denver Nuggets,0,0,109.2,106.2,0.516,14.1,27.7,0.239,0.508,14.3,74.3,0.185,3.0,20.5,2.5,18.0,12.5,3.0,26.5,7.0,8.5,4.0,0.03763223760470738
2011-2012,Los Angeles Clippers,0,0,108.5,105.7,0.502,12.7,29.5,0.195,0.4920000000000001,14.2,73.2,0.245,4.0,18.0,7.0,2.0,4.0,19.5,20.5,9.0,14.0,28.5,0.007010156600683488
2011-2012,Atlanta Hawks,0,0,104.9,101.2,0.5,13.4,23.9,0.192,0.48,14.4,74.4,0.18600000000000005,16.0,6.0,8.0,12.0,26.0,24.0,10.0,6.0,7.0,5.0,0.05226665690248494
2011-2012,Indiana Pacers,0,0,106.7,103.1,0.474,13.1,29.2,0.251,0.476,14.1,72.3,0.222,7.0,9.0,23.0,7.0,5.0,2.0,6.5,11.5,21.0,22.0,0.0010130846628956056
2011-2012,Memphis Grizzlies,0,0,104.0,101.8,0.473,13.6,29.8,0.211,0.485,16.3,72.7,0.227,19.0,7.0,24.5,15.0,3.0,10.5,12.0,1.0,19.0,25.0,0.0005699100591452604
2011-2012,New York Knicks,0,0,104.4,101.0,0.4920000000000001,14.9,26.6,0.227,0.485,15.9,73.7,0.224,17.0,5.0,11.5,27.0,18.5,6.5,12.0,2.0,12.0,23.0,0.010499219257575357
2011-2012,Boston Celtics,0,0,101.0,98.2,0.496,14.7,19.7,0.2,0.452,14.9,72.4,0.21600000000000005,26.0,1.0,10.0,25.0,30.0,17.0,2.0,4.0,20.0,19.0,0.007961820370616617
2011-2012,Los Angeles Lakers,0,0,106.0,104.4,0.491,14.2,29.1,0.226,0.476,10.7,74.8,0.158,10.0,13.0,13.0,19.5,6.5,8.0,6.5,30.0,5.5,1.0,0.004994161451264379
2011-2012,Dallas Mavericks,0,0,103.3,102.3,0.489,13.4,23.4,0.19,0.479,13.9,74.8,0.203,22.0,8.0,15.0,12.0,28.0,25.0,8.5,13.5,5.5,14.0,0.0016643824904160984
2011-2012,Utah Jazz,0,0,106.8,106.1,0.481,13.0,30.2,0.227,0.493,13.8,73.8,0.245,6.0,19.0,17.5,5.5,2.0,6.5,22.0,15.5,11.0,28.5,0.00025052709161560736
2011-2012,Houston Rockets,0,0,105.5,105.2,0.4920000000000001,13.5,27.5,0.184,0.49,13.8,73.4,0.21,12.5,16.5,11.5,14.0,15.0,27.0,17.0,15.5,13.0,18.0,0.004312735901963252
2011-2012,Orlando Magic,0,0,105.0,104.1,0.506,14.5,26.5,0.193,0.488,12.9,75.5,0.19,15.0,12.0,4.0,23.5,20.0,23.0,14.0,24.5,2.0,7.0,0.019865211757589818
2011-2012,Phoenix Suns,0,0,106.2,106.5,0.499,13.3,25.8,0.194,0.491,13.1,71.7,0.2,9.0,24.0,9.0,9.5,23.0,21.5,18.5,21.5,24.0,11.5,0.0011474275896561196
2011-2012,Portland Trail Blazers,0,0,105.7,106.4,0.488,13.4,26.3,0.209,0.504,14.1,72.8,0.199,11.0,23.0,16.0,12.0,21.0,13.5,25.0,11.5,17.5,9.5,0.0005051227699167589
2011-2012,Milwaukee Bucks,0,0,105.5,105.2,0.481,12.9,27.7,0.194,0.489,14.6,70.9,0.217,12.5,16.5,17.5,4.0,12.5,21.5,15.5,5.0,26.0,20.0,0.0010699779138171393
2011-2012,Minnesota Timberwolves,0,0,104.3,106.6,0.477,14.0,27.5,0.236,0.491,12.2,73.0,0.187,18.0,25.0,20.0,17.0,15.0,5.0,18.5,29.0,16.0,6.0,1.4868872473970844e-05
2011-2012,Golden State Warriors,0,0,105.4,109.1,0.505,13.3,22.9,0.175,0.496,13.6,69.1,0.237,14.0,27.0,5.5,9.5,29.0,29.0,23.0,18.0,30.0,27.0,0.0002679737807461254
2011-2012,New Orleans Pelicans,0,0,100.9,105.1,0.476,15.2,27.5,0.207,0.485,13.5,73.1,0.218,28.0,15.0,21.0,29.0,15.0,15.0,12.0,19.5,15.0,21.0,4.81027326533838e-05
2011-2012,Toronto Raptors,0,0,100.8,104.5,0.475,14.8,25.9,0.211,0.475,12.8,75.4,0.26,29.0,14.0,22.0,26.0,22.0,10.5,5.0,27.0,3.0,30.0,1.0461751603270919e-05
2011-2012,Sacramento Kings,0,0,103.8,109.8,0.472,13.0,29.1,0.197,0.515,13.9,70.5,0.199,21.0,29.0,26.5,5.5,6.5,18.0,30.0,13.5,29.0,9.5,3.7343927878404824e-06
2011-2012,Washington Wizards,0,0,101.0,106.2,0.472,14.2,27.3,0.184,0.4920000000000001,14.2,70.9,0.229,26.0,20.5,26.5,19.5,17.0,27.0,20.5,9.0,26.0,26.0,2.2653958217458794e-05
2011-2012,Detroit Pistons,0,0,101.0,106.3,0.468,15.0,28.1,0.21,0.5,14.2,72.8,0.226,26.0,22.0,28.0,28.0,9.0,12.0,24.0,9.0,17.5,24.0,1.1076519038147388e-05
2011-2012,Brooklyn Nets,0,0,102.9,109.6,0.473,14.3,27.8,0.209,0.513,13.7,70.7,0.209,23.0,28.0,24.5,21.5,10.5,13.5,29.0,17.0,28.0,17.0,4.24560699958322e-06
2011-2012,Cleveland Cavaliers,0,0,101.1,108.9,0.463,14.3,28.9,0.22,0.508,13.1,72.2,0.202,24.0,26.0,29.0,21.5,8.0,9.0,26.5,21.5,22.0,13.0,1.902779020393614e-06
2011-2012,Charlotte Hornets,0,0,95.2,110.4,0.439,13.9,23.6,0.206,0.512,12.8,70.9,0.206,30.0,30.0,30.0,16.0,27.0,16.0,28.0,27.0,26.0,15.0,1.05715515761711e-07
2012-2013,Oklahoma City Thunder,0,0,112.4,102.6,0.527,14.4,26.7,0.28,0.469,13.5,73.4,0.197,1.0,4.0,3.0,29.0,15.0,1.0,2.0,18.5,17.0,11.0,0.3777085690044886
2012-2013,Miami Heat,1,1,112.3,103.7,0.552,13.7,22.2,0.224,0.487,14.8,73.0,0.2,2.0,9.0,1.0,12.5,26.5,6.0,9.0,4.5,23.5,13.5,0.1706596847838478
2012-2013,San Antonio Spurs,1,0,108.3,101.6,0.531,14.0,20.5,0.204,0.48,13.7,74.9,0.179,7.0,3.0,2.0,20.5,29.0,13.5,5.0,14.0,3.0,3.0,0.41877239161620494
2012-2013,Los Angeles Clippers,0,0,110.6,103.6,0.526,13.9,28.8,0.203,0.4920000000000001,15.4,73.5,0.229,4.0,8.0,4.0,17.0,7.5,15.0,11.0,1.0,15.0,29.0,0.21323686843298478
2012-2013,Denver Nuggets,0,0,110.4,105.1,0.515,13.6,31.4,0.21600000000000005,0.493,14.3,71.8,0.193,5.0,11.0,7.5,10.5,1.0,9.5,13.0,8.0,27.0,7.0,0.04655892135374097
2012-2013,Memphis Grizzlies,0,0,104.9,100.3,0.472,13.3,31.0,0.202,0.475,15.2,74.3,0.209,17.0,2.0,28.0,8.0,2.0,16.0,3.0,2.0,9.5,20.5,0.0024168560398059057
2012-2013,New York Knicks,0,0,111.1,106.3,0.515,11.7,25.6,0.196,0.508,14.8,74.7,0.21600000000000005,3.0,18.0,7.5,1.0,19.0,21.0,22.5,4.5,4.0,23.5,0.01594287010623278
2012-2013,Houston Rockets,0,0,109.7,106.1,0.525,14.9,26.4,0.232,0.502,13.5,75.2,0.196,6.0,16.0,5.0,30.0,17.0,4.0,19.0,18.5,2.0,9.0,0.031015106079262243
2012-2013,Indiana Pacers,0,0,104.3,99.8,0.479,14.3,30.3,0.219,0.453,12.9,74.6,0.197,19.5,1.0,22.0,27.0,4.0,7.5,1.0,26.0,6.0,11.0,0.0016623574307114053
2012-2013,Los Angeles Lakers,0,0,107.8,106.6,0.512,13.9,27.0,0.239,0.496,11.9,74.3,0.163,9.0,20.0,9.0,17.0,13.5,2.0,15.5,29.0,9.5,1.0,0.0011253172107579716
2012-2013,Golden State Warriors,0,0,106.4,105.5,0.506,14.0,25.4,0.201,0.486,12.4,75.5,0.211,11.0,14.0,10.5,20.5,21.5,17.5,8.0,28.0,1.0,22.0,0.0034037484008697274
2012-2013,Brooklyn Nets,0,0,108.2,106.2,0.498,14.0,30.9,0.219,0.503,13.1,73.7,0.174,8.0,17.0,13.5,20.5,3.0,7.5,20.0,24.0,12.0,2.0,0.0031249899931626436
2012-2013,Utah Jazz,0,0,106.7,106.8,0.4920000000000001,13.8,28.8,0.214,0.501,14.0,73.2,0.226,10.0,21.0,15.0,14.5,7.5,11.0,18.0,12.0,21.0,26.0,0.0005476857628219937
2012-2013,Chicago Bulls,0,0,103.5,103.2,0.47,13.6,29.4,0.201,0.477,13.2,73.6,0.206,23.0,6.0,29.0,10.5,5.0,17.5,4.0,21.5,13.5,16.5,8.084136135765596e-05
2012-2013,Atlanta Hawks,0,0,104.8,104.4,0.517,14.2,22.2,0.174,0.496,14.2,73.6,0.181,18.0,10.0,6.0,24.5,26.5,27.0,15.5,10.0,13.5,4.0,0.04546381259876332
2012-2013,Dallas Mavericks,0,0,105.9,106.5,0.506,13.0,21.8,0.192,0.4920000000000001,13.3,73.1,0.227,13.5,19.0,10.5,5.0,28.0,24.0,11.0,20.0,22.0,27.5,0.0003625587855510285
2012-2013,Boston Celtics,0,0,103.1,103.3,0.503,14.1,20.1,0.204,0.482,14.2,73.3,0.21600000000000005,24.0,7.0,12.0,23.0,30.0,13.5,6.0,10.0,19.5,23.5,0.0010183998575296707
2012-2013,Milwaukee Bucks,0,0,103.6,105.2,0.476,12.7,27.9,0.174,0.4920000000000001,14.4,71.3,0.201,22.0,12.0,24.0,3.0,11.0,27.0,11.0,6.5,28.0,15.0,0.00022234196811898944
2012-2013,Minnesota Timberwolves,0,0,102.9,105.4,0.473,13.8,27.4,0.226,0.511,15.0,74.0,0.187,25.0,13.0,26.5,14.5,12.0,5.0,24.0,3.0,11.0,5.0,4.9364739060918384e-05
2012-2013,Toronto Raptors,0,0,105.9,107.5,0.488,13.0,25.5,0.21600000000000005,0.5,13.6,73.4,0.247,13.5,22.0,18.0,5.0,20.0,9.5,17.0,16.5,17.0,30.0,2.9757485255140716e-05
2012-2013,Portland Trail Blazers,0,0,105.8,109.2,0.498,13.9,25.3,0.194,0.512,12.5,73.3,0.189,15.0,26.0,13.5,17.0,23.0,22.0,25.5,27.0,19.5,6.0,0.0001647487706148374
2012-2013,Washington Wizards,0,0,100.2,103.0,0.475,14.2,24.6,0.191,0.483,13.7,74.6,0.206,30.0,5.0,25.0,24.5,25.0,25.0,7.0,14.0,6.0,16.5,0.0003140190439493413
2012-2013,New Orleans Pelicans,0,0,105.7,110.1,0.489,14.0,29.2,0.193,0.52,13.1,74.4,0.208,16.0,28.0,17.0,20.5,6.0,23.0,28.0,24.0,8.0,18.5,9.451613591672547e-05
2012-2013,Philadelphia 76ers,0,0,102.0,105.7,0.481,12.5,24.9,0.146,0.495,13.7,73.4,0.2,26.0,15.0,21.0,2.0,24.0,30.0,14.0,14.0,17.0,13.5,5.446129909392997e-05
2012-2013,Sacramento Kings,0,0,106.2,111.4,0.491,13.4,26.6,0.208,0.517,13.6,71.0,0.227,12.0,29.0,16.0,9.0,16.0,12.0,27.0,16.5,30.0,27.5,2.0180111252052956e-05
2012-2013,Detroit Pistons,0,0,103.8,108.1,0.487,14.3,28.3,0.197,0.505,13.1,73.0,0.209,21.0,23.5,19.0,27.0,9.0,20.0,21.0,24.0,23.5,20.5,4.8357470022960336e-05
2012-2013,Cleveland Cavaliers,0,0,104.3,109.4,0.473,13.0,28.1,0.2,0.523,14.4,72.6,0.225,19.5,27.0,26.5,5.0,10.0,19.0,29.0,6.5,25.0,25.0,5.845534276929153e-06
2012-2013,Phoenix Suns,0,0,101.2,108.1,0.477,14.3,27.0,0.174,0.512,14.2,71.9,0.208,29.0,23.5,23.0,27.0,13.5,27.0,25.5,10.0,26.0,18.5,2.7294323239301736e-05
2012-2013,Orlando Magic,0,0,101.6,109.1,0.485,13.7,25.4,0.149,0.508,11.8,74.6,0.195,27.0,25.0,20.0,12.5,21.5,29.0,22.5,30.0,6.0,8.0,8.633350397037745e-06
2012-2013,Charlotte Hornets,0,0,101.5,111.5,0.46,13.2,25.7,0.233,0.524,13.2,71.1,0.197,28.0,30.0,30.0,7.0,18.0,3.0,30.0,21.5,29.0,11.0,4.90320244641827e-08
2013-2014,San Antonio Spurs,1,1,110.5,102.4,0.537,13.5,22.7,0.188,0.482,12.8,76.4,0.184,6.5,3.0,2.0,12.0,24.0,27.0,4.0,23.5,4.0,3.0,0.36542339729341144
2013-2014,Los Angeles Clippers,0,0,112.1,104.8,0.526,12.7,25.0,0.258,0.484,13.8,72.5,0.222,1.0,9.0,4.5,5.5,20.0,2.0,5.0,13.0,26.0,17.0,0.02932996488283616
2013-2014,Oklahoma City Thunder,0,0,110.5,103.9,0.52,14.0,26.5,0.244,0.488,13.9,75.6,0.221,6.5,6.0,6.0,20.0,14.0,5.0,6.5,10.5,9.0,16.0,0.09026186793639569
2013-2014,Golden State Warriors,0,0,107.5,102.6,0.517,13.8,25.1,0.18600000000000005,0.477,13.6,76.3,0.224,12.0,4.0,8.0,15.0,18.5,28.0,3.0,16.5,5.0,18.0,0.08467040954487236
2013-2014,Houston Rockets,0,0,111.0,106.3,0.531,14.6,27.4,0.275,0.489,12.5,74.1,0.193,4.0,13.0,3.0,28.5,7.0,1.0,8.0,27.0,20.0,6.0,0.04485926703448484
2013-2014,Portland Trail Blazers,0,0,111.5,107.4,0.504,12.4,28.0,0.22,0.488,11.0,74.7,0.194,2.0,16.5,14.0,3.0,3.0,13.5,6.5,30.0,13.0,7.0,0.004122519513130362
2013-2014,Miami Heat,1,0,110.9,105.8,0.5539999999999999,14.6,20.6,0.228,0.511,15.8,73.0,0.212,5.0,11.0,1.0,28.5,29.0,8.0,20.0,1.0,24.0,13.0,0.21588193023520705
2013-2014,Indiana Pacers,0,0,104.1,99.3,0.49,14.3,24.9,0.226,0.46,12.9,76.8,0.197,23.0,1.0,19.0,26.5,21.0,9.5,1.0,22.0,2.0,9.0,0.0018103557571399285
2013-2014,Minnesota Timberwolves,0,0,108.9,106.2,0.486,12.2,27.4,0.249,0.518,14.8,74.4,0.177,9.0,12.0,21.0,2.0,7.0,4.0,26.5,5.5,16.5,1.0,0.0009212719004254926
2013-2014,Phoenix Suns,0,0,109.5,106.7,0.519,14.0,26.4,0.222,0.496,13.9,73.7,0.237,8.0,15.0,7.0,20.0,15.0,11.5,11.0,10.5,22.0,26.5,0.011362837196458402
2013-2014,Dallas Mavericks,0,0,111.2,108.7,0.526,12.7,24.6,0.201,0.515,14.8,72.7,0.229,3.0,22.0,4.5,5.5,23.0,19.5,24.5,5.5,25.0,22.0,0.009258656069690892
2013-2014,Toronto Raptors,0,0,108.8,105.3,0.498,13.2,27.2,0.239,0.493,14.1,74.9,0.237,10.0,10.0,15.0,11.0,10.0,6.0,10.0,7.0,12.0,26.5,0.0028228895771190447
2013-2014,Memphis Grizzlies,0,0,106.3,104.6,0.494,13.1,28.3,0.184,0.4970000000000001,13.8,75.7,0.199,15.0,7.5,18.0,10.0,2.0,29.0,12.0,13.0,7.5,10.5,0.009957130252493018
2013-2014,Chicago Bulls,0,0,102.5,100.5,0.471,14.2,27.2,0.226,0.471,13.7,75.4,0.189,28.0,2.0,30.0,24.5,10.0,9.5,2.0,15.0,11.0,4.0,0.00027248516918500015
2013-2014,Washington Wizards,0,0,106.0,104.6,0.506,13.6,25.2,0.181,0.504,15.0,75.7,0.22,16.5,7.5,11.0,13.0,17.0,30.0,14.5,2.0,7.5,15.0,0.03540147134064811
2013-2014,Atlanta Hawks,0,0,105.9,106.4,0.515,14.3,21.0,0.208,0.51,14.0,74.4,0.196,18.5,14.0,9.0,26.5,28.0,16.0,19.0,8.5,16.5,8.0,0.005475955095630154
2013-2014,Charlotte Hornets,0,0,103.6,103.8,0.481,11.7,21.9,0.219,0.491,12.6,77.6,0.183,24.0,5.0,25.0,1.0,26.0,15.0,9.0,26.0,1.0,2.0,4.773991669657203e-05
2013-2014,Denver Nuggets,0,0,106.0,108.2,0.4970000000000001,14.0,27.5,0.222,0.5,12.8,74.5,0.233,16.5,21.0,16.0,20.0,5.0,11.5,13.0,23.5,14.5,23.0,0.00012906755483647257
2013-2014,New York Knicks,0,0,108.3,109.1,0.505,12.5,25.1,0.189,0.514,14.0,74.3,0.245,11.0,24.0,12.5,4.0,18.5,26.0,23.0,8.5,18.0,29.0,0.000512520837427048
2013-2014,Brooklyn Nets,0,0,106.7,107.7,0.514,14.1,21.7,0.236,0.509,14.9,72.3,0.236,14.0,19.0,10.0,22.5,27.0,7.0,18.0,3.5,28.0,25.0,0.0011072952756043517
2013-2014,New Orleans Pelicans,0,0,107.2,110.1,0.495,12.9,26.9,0.22,0.515,13.6,73.8,0.249,13.0,27.0,17.0,7.5,13.0,13.5,24.5,16.5,21.0,30.0,2.3863175475033347e-05
2013-2014,Sacramento Kings,0,0,105.7,108.8,0.484,13.9,27.8,0.251,0.512,12.7,76.6,0.234,20.0,23.0,22.5,17.0,4.0,3.0,21.0,25.0,3.0,24.0,5.171228708076752e-06
2013-2014,Cleveland Cavaliers,0,0,104.2,107.7,0.479,13.0,27.2,0.201,0.508,13.0,75.8,0.199,21.5,19.0,26.5,9.0,10.0,19.5,17.0,20.5,6.0,10.5,2.91652169472808e-05
2013-2014,Detroit Pistons,0,0,105.9,109.7,0.482,12.9,31.4,0.199,0.52,13.8,73.4,0.218,18.5,25.0,24.0,7.5,1.0,21.5,28.5,13.0,23.0,14.0,2.505046271130733e-05
2013-2014,Boston Celtics,0,0,102.9,107.7,0.477,14.2,27.4,0.193,0.505,13.4,74.2,0.227,27.0,19.0,28.0,24.5,7.0,23.5,16.0,18.0,19.0,20.5,2.175960820844597e-05
2013-2014,Los Angeles Lakers,0,0,104.2,110.6,0.505,13.7,20.2,0.199,0.513,12.4,71.0,0.192,21.5,28.0,12.5,14.0,30.0,21.5,22.0,28.0,30.0,5.0,2.1933700552900963e-05
2013-2014,Orlando Magic,0,0,101.7,107.4,0.487,13.9,22.4,0.193,0.504,13.0,75.5,0.211,29.0,16.5,20.0,17.0,25.0,23.5,14.5,20.5,10.0,12.0,3.6476441019027186e-05
2013-2014,Utah Jazz,0,0,103.5,111.3,0.484,13.9,25.5,0.202,0.518,12.1,74.5,0.227,25.0,29.0,22.5,17.0,16.0,18.0,26.5,29.0,14.5,20.5,1.220560092643053e-06
2013-2014,Milwaukee Bucks,0,0,103.0,111.8,0.479,14.1,27.1,0.204,0.52,13.2,71.4,0.225,26.0,30.0,26.5,22.5,12.0,17.0,28.5,19.0,29.0,19.0,1.456840842382196e-06
2013-2014,Philadelphia 76ers,0,0,99.4,109.9,0.475,14.8,24.8,0.19,0.524,14.9,72.4,0.244,30.0,26.0,29.0,30.0,22.0,25.0,30.0,3.5,27.0,28.0,5.714559136215099e-06
2014-2015,Golden State Warriors,1,1,111.6,101.4,0.54,13.1,24.1,0.184,0.47,14.3,74.5,0.217,2.0,1.0,1.0,15.5,21.0,25.5,1.0,7.0,18.0,22.5,0.7770319523827109
2014-2015,Los Angeles Clippers,0,0,112.4,105.5,0.5329999999999999,11.6,22.8,0.215,0.493,13.2,75.7,0.231,1.0,15.5,2.0,2.0,28.0,8.0,14.0,16.5,9.0,27.5,0.007245766829790388
2014-2015,San Antonio Spurs,0,0,108.5,102.0,0.517,13.1,23.4,0.2,0.484,13.3,77.3,0.19,7.0,2.0,5.0,15.5,25.0,17.5,6.0,14.5,3.5,9.0,0.2519426606026039
2014-2015,Atlanta Hawks,0,0,108.9,103.1,0.527,13.5,21.4,0.201,0.4920000000000001,14.9,73.4,0.185,6.0,6.0,3.0,19.0,30.0,15.5,12.5,3.0,22.5,5.5,0.35631754667463533
2014-2015,Portland Trail Blazers,0,0,108.2,103.7,0.508,12.6,24.2,0.18,0.476,11.3,76.2,0.182,8.5,10.0,8.5,9.5,20.0,27.5,3.0,29.5,7.0,2.5,0.036772075862791305
2014-2015,Cleveland Cavaliers,1,0,111.1,106.3,0.52,13.4,26.8,0.21600000000000005,0.502,12.6,74.7,0.177,3.0,18.0,4.0,18.0,6.5,7.0,19.5,22.0,16.5,1.0,0.02335691041173517
2014-2015,Houston Rockets,0,0,107.0,103.4,0.512,15.0,26.8,0.223,0.486,14.6,72.9,0.208,12.0,8.0,7.0,28.0,6.5,6.0,7.0,5.0,28.0,16.0,0.049612826166887246
2014-2015,Memphis Grizzlies,0,0,105.7,102.2,0.489,12.6,24.7,0.214,0.4920000000000001,14.5,75.3,0.183,13.0,3.5,21.0,9.5,16.5,10.0,12.5,6.0,11.0,4.0,0.006088084478234002
2014-2015,Dallas Mavericks,0,0,109.5,106.4,0.515,11.9,23.6,0.197,0.503,14.7,72.2,0.204,5.0,19.5,6.0,3.0,24.0,20.0,21.0,4.0,29.0,14.0,0.011485722343236138
2014-2015,Chicago Bulls,0,0,107.5,104.3,0.489,12.9,27.0,0.238,0.473,11.3,74.4,0.182,11.0,11.0,21.0,12.0,5.0,3.0,2.0,29.5,19.0,2.5,0.0005772384494474119
2014-2015,Oklahoma City Thunder,0,0,107.8,105.5,0.4920000000000001,13.1,28.9,0.214,0.489,12.4,75.6,0.213,10.0,15.5,17.0,15.5,2.0,10.0,10.0,23.0,10.0,20.5,0.0009041141295526333
2014-2015,Toronto Raptors,0,0,111.0,107.7,0.508,12.0,25.6,0.232,0.506,13.4,73.3,0.208,4.0,24.5,8.5,4.0,11.0,4.0,24.5,13.0,24.5,16.0,0.0006500811808208486
2014-2015,New Orleans Pelicans,0,0,108.2,107.3,0.501,12.5,27.1,0.198,0.496,11.7,75.1,0.195,8.5,22.0,10.5,7.5,4.0,19.0,16.0,28.0,13.0,11.0,0.0010312810362462389
2014-2015,Utah Jazz,0,0,105.1,104.9,0.494,14.6,29.1,0.214,0.491,12.8,76.3,0.199,17.0,14.0,15.5,26.0,1.0,10.0,11.0,21.0,5.5,12.0,0.001490794399799734
2014-2015,Washington Wizards,0,0,103.7,103.0,0.499,14.0,24.9,0.192,0.481,12.9,77.3,0.21,22.0,5.0,13.5,23.0,15.0,23.0,5.0,19.5,3.5,18.5,0.004143482255249364
2014-2015,Milwaukee Bucks,0,0,102.7,102.2,0.499,15.5,25.4,0.195,0.487,15.9,73.3,0.221,26.0,3.5,13.5,29.0,13.5,21.5,8.5,1.0,24.5,24.5,0.0060171571816465
2014-2015,Indiana Pacers,0,0,103.5,103.2,0.484,13.1,24.0,0.201,0.478,12.0,77.9,0.217,23.0,7.0,23.0,15.5,22.0,15.5,4.0,25.5,2.0,22.5,9.511020652433003e-05
2014-2015,Phoenix Suns,0,0,105.3,106.2,0.501,13.7,24.5,0.191,0.4970000000000001,14.0,73.5,0.221,15.0,17.0,10.5,20.5,18.5,24.0,17.5,9.0,21.0,24.5,0.0033921242676911347
2014-2015,Boston Celtics,0,0,104.7,104.5,0.489,12.5,24.7,0.17600000000000002,0.494,13.7,75.0,0.208,18.0,12.0,21.0,7.5,16.5,29.0,15.0,11.0,14.5,16.0,0.0008331085885013134
2014-2015,Detroit Pistons,0,0,105.3,106.4,0.482,12.3,27.7,0.184,0.502,13.2,75.0,0.192,15.0,19.5,24.0,6.0,3.0,25.5,19.5,16.5,14.5,10.0,0.00024068164050231137
2014-2015,Miami Heat,0,0,103.9,106.7,0.5,14.5,23.2,0.227,0.505,14.2,73.4,0.213,21.0,21.0,12.0,25.0,26.0,5.0,23.0,8.0,22.5,20.5,0.00011198923907261155
2014-2015,Denver Nuggets,0,0,104.5,108.2,0.479,12.7,26.6,0.204,0.504,13.0,74.7,0.239,19.0,26.0,25.0,11.0,8.5,12.5,22.0,18.0,16.5,30.0,3.958653315159429e-06
2014-2015,Sacramento Kings,0,0,105.3,109.2,0.49,14.8,26.5,0.276,0.507,11.8,75.2,0.2,15.0,27.0,19.0,27.0,10.0,1.0,26.0,27.0,12.0,13.0,2.546077991938966e-05
2014-2015,Brooklyn Nets,0,0,104.4,107.4,0.491,13.0,23.9,0.2,0.506,12.9,73.7,0.185,20.0,23.0,18.0,13.0,23.0,17.5,24.5,19.5,20.0,5.5,4.69784917879713e-05
2014-2015,Charlotte Hornets,0,0,100.1,103.5,0.456,11.2,22.1,0.202,0.487,12.0,79.3,0.188,28.0,9.0,30.0,1.0,29.0,14.0,8.5,25.5,1.0,8.0,4.446813956840692e-06
2014-2015,Orlando Magic,0,0,101.6,107.7,0.494,14.0,23.1,0.168,0.514,13.6,76.0,0.21,27.0,24.5,15.5,23.0,27.0,30.0,28.0,12.0,8.0,18.5,8.05562565034345e-05
2014-2015,Los Angeles Lakers,0,0,103.4,110.6,0.473,12.1,25.4,0.204,0.518,12.1,76.3,0.231,24.0,29.0,26.0,5.0,13.5,12.5,29.0,24.0,5.5,27.5,2.557461529382441e-07
2014-2015,Minnesota Timberwolves,0,0,102.9,112.2,0.468,13.7,26.6,0.24,0.537,13.9,71.6,0.187,25.0,30.0,28.0,20.5,8.5,2.0,30.0,10.0,30.0,7.0,1.5519250630336474e-06
2014-2015,Philadelphia 76ers,0,0,95.5,104.8,0.459,16.0,25.5,0.195,0.4970000000000001,15.2,73.0,0.225,30.0,13.0,29.0,30.0,12.0,21.5,17.5,2.0,27.0,26.0,6.083291877180519e-05
2014-2015,New York Knicks,0,0,99.9,110.0,0.47,14.0,24.5,0.18,0.512,13.3,73.1,0.234,29.0,28.0,27.0,23.0,18.5,27.5,27.0,14.5,26.0,29.0,2.1255449222804275e-06
2015-2016,Golden State Warriors,1,0,114.5,103.8,0.563,13.5,23.5,0.191,0.479,12.6,76.0,0.208,1.0,5.5,1.0,19.5,19.0,25.0,2.0,21.0,16.0,17.0,0.5632283392304931
2015-2016,San Antonio Spurs,0,0,110.3,99.0,0.526,12.4,23.0,0.197,0.477,14.1,79.1,0.182,4.0,1.0,2.0,9.0,23.0,21.5,1.0,8.0,3.0,2.5,0.775001389939519
2015-2016,Oklahoma City Thunder,0,0,113.1,105.6,0.524,14.0,31.1,0.228,0.484,11.7,76.0,0.205,2.0,13.0,4.0,24.0,1.0,5.5,5.0,27.0,16.0,15.0,0.05255275061569669
2015-2016,Cleveland Cavaliers,1,1,110.9,104.5,0.524,12.7,25.1,0.194,0.496,12.6,78.5,0.205,3.0,10.0,4.0,13.0,9.5,23.0,12.5,21.0,5.0,15.0,0.12925028689573678
2015-2016,Los Angeles Clippers,0,0,108.3,103.8,0.524,12.1,20.1,0.22,0.48,13.8,73.8,0.222,7.5,5.5,4.0,3.5,28.0,8.0,3.5,10.5,28.0,24.0,0.012523466752190281
2015-2016,Toronto Raptors,0,0,110.0,105.2,0.504,12.3,24.6,0.255,0.498,12.7,77.7,0.201,5.0,11.0,12.0,7.0,12.0,2.0,14.0,18.5,8.0,10.0,0.004057212495952336
2015-2016,Atlanta Hawks,0,0,105.1,101.4,0.516,13.8,19.1,0.185,0.48,14.4,74.6,0.194,21.5,2.0,6.5,22.0,30.0,29.0,3.5,5.0,25.5,5.0,0.1005760420344759
2015-2016,Boston Celtics,0,0,106.8,103.6,0.488,12.1,25.1,0.208,0.487,14.6,74.6,0.231,10.0,4.0,24.0,3.5,9.5,14.0,8.5,3.5,25.5,27.0,0.0020531975848053544
2015-2016,Charlotte Hornets,0,0,107.1,104.3,0.502,11.7,20.0,0.222,0.496,12.5,79.8,0.191,9.0,8.0,13.5,1.0,29.0,7.0,12.5,23.5,1.0,4.0,0.0016286465499206317
2015-2016,Utah Jazz,0,0,105.9,103.9,0.501,14.2,25.9,0.213,0.495,13.5,77.7,0.21,16.0,7.0,15.0,26.5,3.5,11.0,11.0,14.0,8.0,18.0,0.0061015143173135415
2015-2016,Indiana Pacers,0,0,104.6,102.9,0.4970000000000001,13.5,23.4,0.205,0.489,14.3,76.0,0.205,24.5,3.0,20.0,19.5,20.0,16.5,10.0,6.0,16.0,15.0,0.0012453470824784947
2015-2016,Miami Heat,0,0,106.1,104.4,0.508,13.3,23.8,0.21,0.485,12.1,77.8,0.196,13.5,9.0,11.0,18.0,17.0,13.0,6.5,25.5,6.0,6.5,0.005945361802780792
2015-2016,Portland Trail Blazers,0,0,108.8,108.0,0.511,13.2,25.9,0.202,0.503,12.1,76.2,0.225,6.0,20.0,8.5,16.5,3.5,19.0,15.0,25.5,13.5,25.5,0.003471516228704593
2015-2016,Detroit Pistons,0,0,106.1,105.5,0.491,12.2,27.0,0.197,0.504,12.5,79.3,0.196,13.5,12.0,22.0,5.0,2.0,21.5,16.5,23.5,2.0,6.5,0.000680741523565533
2015-2016,Houston Rockets,0,0,108.3,108.1,0.516,14.2,25.7,0.244,0.516,14.7,72.8,0.219,7.5,21.0,6.5,26.5,6.0,3.0,23.0,2.0,30.0,22.0,0.007504894769579561
2015-2016,Dallas Mavericks,0,0,106.7,107.0,0.502,12.0,20.6,0.211,0.504,12.8,76.2,0.198,11.0,17.0,13.5,2.0,26.0,12.0,16.5,17.0,13.5,8.0,0.000567025801077787
2015-2016,Washington Wizards,0,0,105.3,105.8,0.511,13.1,20.6,0.192,0.515,14.6,77.7,0.218,20.0,14.0,8.5,15.0,26.0,24.0,21.5,3.5,8.0,21.0,0.0025919798802015847
2015-2016,Chicago Bulls,0,0,105.0,106.5,0.487,12.6,24.5,0.189,0.485,10.7,74.9,0.182,23.0,15.0,26.0,11.5,13.0,26.0,6.5,29.0,21.5,2.5,6.850305564081192e-05
2015-2016,Orlando Magic,0,0,105.1,106.8,0.5,12.8,23.1,0.175,0.513,13.8,76.5,0.215,21.5,16.0,16.0,14.0,21.5,30.0,20.0,10.5,12.0,19.0,0.0005553253673937123
2015-2016,Memphis Grizzlies,0,0,105.4,107.8,0.477,12.3,25.3,0.231,0.518,15.2,75.1,0.251,19.0,19.0,29.0,7.0,8.0,4.0,24.0,1.0,20.0,30.0,7.440110613370939e-06
2015-2016,Sacramento Kings,0,0,106.0,108.4,0.51,14.2,23.9,0.214,0.521,14.0,74.9,0.202,15.0,22.0,10.0,26.5,16.0,10.0,25.0,9.0,21.5,11.5,0.0014020706276383665
2015-2016,New York Knicks,0,0,104.6,107.6,0.483,12.6,23.7,0.205,0.487,10.5,75.8,0.204,24.5,18.0,28.0,11.5,18.0,16.5,8.5,30.0,18.0,13.0,5.048663290993921e-06
2015-2016,Denver Nuggets,0,0,105.6,108.9,0.489,13.2,25.8,0.21600000000000005,0.515,12.6,77.3,0.21600000000000005,17.5,24.0,23.0,16.5,5.0,9.0,21.5,21.0,10.0,20.0,1.830842728336632e-05
2015-2016,Minnesota Timberwolves,0,0,106.5,110.1,0.498,13.9,24.3,0.263,0.524,13.6,74.7,0.2,12.0,28.0,18.5,23.0,14.0,1.0,29.0,12.0,23.5,9.0,0.00010475771622398123
2015-2016,New Orleans Pelicans,0,0,105.6,109.5,0.498,12.3,21.2,0.201,0.523,12.7,78.8,0.225,17.5,27.0,18.5,7.0,24.0,20.0,27.0,18.5,4.0,25.5,1.5048060201342479e-05
2015-2016,Milwaukee Bucks,0,0,104.3,108.7,0.499,14.2,24.9,0.207,0.51,14.2,73.1,0.221,26.0,23.0,17.0,26.5,11.0,15.0,18.5,7.0,29.0,23.0,5.960947315231562e-05
2015-2016,Phoenix Suns,0,0,102.2,109.0,0.487,15.2,25.4,0.204,0.523,13.5,77.1,0.237,28.0,25.0,26.0,30.0,7.0,18.0,27.0,14.0,11.0,28.0,6.463463183411406e-06
2015-2016,Brooklyn Nets,0,0,103.2,110.9,0.4920000000000001,13.6,24.1,0.18600000000000005,0.534,13.1,75.7,0.17600000000000002,27.0,29.0,21.0,21.0,15.0,27.5,30.0,16.0,19.0,1.0,2.5927814105600944e-05
2015-2016,Los Angeles Lakers,0,0,101.6,111.6,0.46,12.5,23.1,0.228,0.523,11.6,74.7,0.202,29.0,30.0,30.0,10.0,21.5,5.5,27.0,28.0,23.5,11.5,4.313198519151633e-08
2015-2016,Philadelphia 76ers,0,0,98.8,109.2,0.487,14.8,20.6,0.18600000000000005,0.51,13.5,74.0,0.24,30.0,26.0,26.0,29.0,26.0,27.5,18.5,14.0,27.0,29.0,6.273621594190351e-06
2016-2017,Golden State Warriors,1,1,115.6,104.0,0.563,13.2,22.8,0.204,0.486,13.5,74.9,0.198,1.0,2.0,1.0,21.0,18.0,21.0,1.0,8.5,29.0,11.0,0.851296826581643
2016-2017,San Antonio Spurs,0,0,111.1,103.5,0.524,12.6,24.0,0.21,0.4920000000000001,13.5,77.6,0.192,9.0,1.0,10.0,14.5,14.0,17.5,2.0,8.5,6.5,6.0,0.26613096063903585
2016-2017,Houston Rockets,0,0,114.7,109.0,0.545,13.3,24.6,0.233,0.519,13.2,75.8,0.194,2.0,18.0,3.0,24.0,10.0,2.0,21.0,11.5,22.0,7.5,0.04812192573139859
2016-2017,Los Angeles Clippers,0,0,112.7,108.2,0.537,12.0,21.5,0.233,0.506,12.1,76.9,0.211,5.0,12.0,4.0,6.0,22.5,2.0,6.5,22.0,10.0,13.0,0.006937067439951478
2016-2017,Utah Jazz,0,0,109.6,105.3,0.526,13.2,23.2,0.215,0.493,11.8,78.9,0.195,12.0,3.0,8.0,21.0,16.0,12.5,3.0,25.0,4.0,9.0,0.034161014124727974
2016-2017,Toronto Raptors,0,0,112.3,107.8,0.517,11.8,25.0,0.233,0.507,13.5,76.3,0.223,6.0,11.0,12.0,5.0,7.5,2.0,9.0,8.5,16.5,23.5,0.0037904293348642775
2016-2017,Cleveland Cavaliers,1,0,113.6,110.3,0.547,12.6,21.9,0.206,0.516,11.4,75.8,0.174,3.0,21.0,2.0,14.5,20.0,19.5,18.5,29.0,22.0,3.0,0.016264240679777203
2016-2017,Boston Celtics,0,0,111.2,108.4,0.525,12.2,21.2,0.22,0.503,12.6,75.3,0.223,7.5,13.0,9.0,9.0,24.5,9.0,5.0,16.5,27.5,23.5,0.0028453916043636833
2016-2017,Washington Wizards,0,0,111.2,109.3,0.528,12.8,24.1,0.199,0.524,13.8,75.5,0.213,7.5,19.5,6.0,16.5,12.5,22.5,24.0,2.5,24.5,16.5,0.028690419163861242
2016-2017,Oklahoma City Thunder,0,0,108.3,107.5,0.5,13.2,27.9,0.22,0.511,12.5,79.0,0.218,16.0,10.0,24.0,21.0,1.0,9.0,13.5,18.0,3.0,20.5,0.00043529203363986817
2016-2017,Memphis Grizzlies,0,0,107.7,107.1,0.491,12.1,24.8,0.219,0.506,13.6,77.5,0.256,18.5,7.5,28.0,7.5,9.0,11.0,6.5,5.0,8.0,29.0,0.00019264095205742297
2016-2017,Miami Heat,0,0,107.8,106.7,0.512,12.4,24.2,0.177,0.496,12.6,76.4,0.22,17.0,5.0,15.0,11.5,11.0,29.0,4.0,16.5,14.5,22.0,0.006040289440724193
2016-2017,Denver Nuggets,0,0,113.2,112.7,0.53,13.2,27.3,0.214,0.532,10.9,78.7,0.194,4.0,29.0,5.0,21.0,2.0,14.5,28.0,30.0,5.0,7.5,0.0032238310870199116
2016-2017,Chicago Bulls,0,0,107.4,107.0,0.487,12.3,27.0,0.206,0.507,12.4,76.8,0.16899999999999998,20.0,6.0,30.0,10.0,4.0,19.5,9.0,19.5,12.0,2.0,0.00035353515345894004
2016-2017,Charlotte Hornets,0,0,108.8,108.6,0.501,10.7,19.9,0.227,0.523,12.1,79.6,0.16399999999999998,14.0,14.0,22.0,1.0,27.0,7.0,22.5,22.0,2.0,1.0,7.116409685470508e-05
2016-2017,Portland Trail Blazers,0,0,110.3,110.8,0.52,12.5,23.0,0.214,0.508,11.6,76.8,0.241,11.0,24.0,11.0,13.0,17.0,14.5,11.0,27.5,12.0,28.0,0.00020601746375383602
2016-2017,Milwaukee Bucks,0,0,109.1,109.3,0.527,13.2,21.5,0.21,0.518,13.6,75.4,0.215,13.0,19.5,7.0,21.0,22.5,17.5,20.0,5.0,26.0,19.0,0.005228838425118933
2016-2017,Indiana Pacers,0,0,108.6,108.8,0.516,12.8,21.2,0.212,0.512,13.6,75.5,0.225,15.0,15.5,13.5,16.5,24.5,16.0,15.5,5.0,24.5,25.0,0.0013001780106179563
2016-2017,Minnesota Timberwolves,0,0,110.8,112.0,0.511,12.9,27.2,0.229,0.535,13.2,75.9,0.212,10.0,27.0,16.0,18.0,3.0,5.0,29.0,11.5,20.0,14.5,0.0002264594660113519
2016-2017,Atlanta Hawks,0,0,104.9,105.7,0.504,14.2,23.6,0.215,0.507,13.8,76.1,0.179,27.0,4.0,19.5,28.0,15.0,12.5,9.0,2.5,18.5,5.0,0.002763863628457871
2016-2017,Detroit Pistons,0,0,106.0,107.1,0.4920000000000001,10.9,24.1,0.157,0.516,12.1,81.2,0.197,23.5,7.5,27.0,2.0,12.5,30.0,18.5,22.0,1.0,10.0,7.980163404957756e-05
2016-2017,New Orleans Pelicans,0,0,105.2,107.4,0.504,11.7,18.5,0.192,0.509,12.4,76.8,0.177,26.0,9.0,19.5,4.0,29.0,25.0,12.0,19.5,12.0,4.0,0.00012213167127296594
2016-2017,Dallas Mavericks,0,0,105.6,108.8,0.505,11.6,18.1,0.18,0.529,14.4,77.6,0.218,25.0,15.5,18.0,3.0,30.0,28.0,27.0,1.0,6.5,20.5,0.00010315086819261219
2016-2017,Sacramento Kings,0,0,107.3,111.3,0.516,13.7,21.0,0.22,0.528,12.9,76.3,0.227,21.0,25.0,13.5,27.0,26.0,9.0,26.0,15.0,16.5,26.0,3.5094357063725456e-05
2016-2017,New York Knicks,0,0,107.7,111.5,0.496,12.4,26.6,0.188,0.511,11.7,74.1,0.214,18.5,26.0,25.0,11.5,5.0,26.0,13.5,26.0,30.0,18.0,1.8574371535158527e-05
2016-2017,Phoenix Suns,0,0,106.6,112.2,0.493,13.4,26.0,0.231,0.525,13.1,76.4,0.264,22.0,28.0,26.0,25.0,6.0,4.0,25.0,13.0,14.5,30.0,3.318389656367476e-06
2016-2017,Philadelphia 76ers,0,0,103.2,108.9,0.501,14.9,22.4,0.199,0.512,13.5,75.3,0.234,30.0,17.0,22.0,30.0,19.0,22.5,15.5,8.5,27.5,27.0,5.126302939433897e-05
2016-2017,Los Angeles Lakers,0,0,106.0,113.0,0.501,13.5,25.0,0.195,0.542,13.0,75.8,0.213,23.5,30.0,22.0,26.0,7.5,24.0,30.0,14.0,22.0,16.5,2.4506106319533512e-05
2016-2017,Orlando Magic,0,0,103.7,110.5,0.489,12.1,21.6,0.184,0.523,11.9,77.4,0.201,29.0,22.0,29.0,7.5,21.0,27.0,22.5,24.0,9.0,12.0,1.8063723363300028e-06
2016-2017,Brooklyn Nets,0,0,104.1,110.7,0.507,14.7,19.6,0.228,0.513,11.6,76.1,0.212,28.0,23.0,17.0,29.0,28.0,6.0,17.0,27.5,18.5,14.5,5.394474427069857e-06
2017-2018,Houston Rockets,0,0,114.7,106.1,0.551,12.7,21.3,0.233,0.521,13.4,79.9,0.171,1.0,6.0,2.0,12.0,21.0,1.5,13.0,11.0,3.0,4.0,0.21599854222367018
2017-2018,Toronto Raptors,0,0,113.8,105.9,0.539,12.1,23.0,0.198,0.501,13.0,77.7,0.212,2.0,5.0,5.0,4.0,11.0,12.0,3.0,14.5,12.5,25.0,0.06982026281866477
2017-2018,Golden State Warriors,1,1,113.6,107.6,0.569,14.1,21.0,0.195,0.504,12.6,76.3,0.18600000000000005,3.0,11.0,1.0,28.5,23.5,16.0,5.0,19.5,25.0,11.0,0.30764064792352513
2017-2018,Utah Jazz,0,0,108.4,103.9,0.527,13.7,21.5,0.202,0.506,14.0,79.8,0.19,16.0,1.5,9.5,24.0,18.5,8.0,6.0,4.0,4.0,14.5,0.05190279012861094
2017-2018,Philadelphia 76ers,0,0,109.5,105.0,0.535,14.6,25.3,0.198,0.4920000000000001,12.6,78.6,0.218,11.5,4.0,7.0,30.0,3.0,12.0,1.0,19.5,8.5,28.0,0.05252661537967356
2017-2018,Oklahoma City Thunder,0,0,110.7,107.2,0.514,12.4,27.7,0.197,0.525,14.7,77.4,0.193,7.0,9.0,17.5,9.0,1.0,14.0,17.5,1.0,16.0,18.0,0.014655962774927728
2017-2018,Boston Celtics,0,0,107.6,103.9,0.518,13.0,21.5,0.188,0.495,13.0,78.4,0.191,18.0,1.5,15.0,15.0,18.5,19.5,2.0,14.5,11.0,16.0,0.008013936061130397
2017-2018,San Antonio Spurs,0,0,107.9,104.8,0.507,12.2,23.7,0.189,0.507,13.2,78.6,0.17,17.0,3.0,26.0,5.0,6.0,18.0,7.5,12.0,8.5,3.0,0.0020375632544636
2017-2018,Portland Trail Blazers,0,0,109.1,106.4,0.511,12.3,23.3,0.192,0.503,11.7,79.1,0.193,15.0,8.0,23.0,7.0,10.0,17.0,4.0,29.0,5.0,18.0,0.0002829538062287301
2017-2018,Minnesota Timberwolves,0,0,113.4,111.1,0.523,11.4,24.4,0.225,0.539,13.9,76.4,0.189,4.0,27.5,13.0,1.5,4.0,3.0,26.5,5.0,24.0,13.0,0.0005056164781330613
2017-2018,Denver Nuggets,0,0,112.5,111.0,0.536,13.4,25.7,0.198,0.539,12.6,77.5,0.173,6.0,25.5,6.0,22.0,2.0,12.0,26.5,19.5,15.0,6.0,0.006117477543065152
2017-2018,New Orleans Pelicans,0,0,109.6,108.3,0.541,13.3,20.0,0.183,0.513,12.5,76.7,0.175,10.0,14.0,4.0,19.0,28.5,22.0,9.0,22.5,20.5,8.0,0.025015585102740216
2017-2018,Indiana Pacers,0,0,109.5,108.1,0.525,12.3,22.7,0.173,0.527,14.2,76.2,0.174,11.5,13.0,11.5,7.0,12.5,24.5,19.0,2.5,26.5,7.0,0.015477036484992424
2017-2018,Cleveland Cavaliers,1,0,112.9,111.9,0.547,12.6,20.1,0.214,0.54,12.2,77.3,0.166,5.0,29.0,3.0,10.5,27.0,6.0,28.0,26.5,17.0,2.0,0.0006208220484065816
2017-2018,Washington Wizards,0,0,109.3,108.7,0.525,13.3,23.5,0.196,0.522,13.6,77.1,0.212,14.0,15.0,11.5,19.0,8.5,15.0,14.5,8.5,18.0,25.0,0.0028755381913967825
2017-2018,Los Angeles Clippers,0,0,110.3,110.2,0.527,13.2,23.5,0.222,0.52,12.6,76.1,0.203,8.0,20.0,9.5,16.0,8.5,4.0,12.0,19.5,28.0,22.0,0.0008566286890497295
2017-2018,Miami Heat,0,0,106.8,106.3,0.52,13.3,21.5,0.173,0.507,13.1,79.0,0.215,22.0,7.0,14.0,19.0,18.5,24.5,7.5,13.0,6.0,27.0,0.002149693891740586
2017-2018,Charlotte Hornets,0,0,109.4,109.1,0.508,11.4,22.2,0.233,0.532,12.4,80.7,0.165,13.0,16.0,25.0,1.5,16.0,1.5,22.5,24.5,1.0,1.0,2.9810178083548194e-05
2017-2018,Detroit Pistons,0,0,107.2,107.3,0.512,12.3,22.7,0.16899999999999998,0.524,13.7,78.5,0.172,19.0,10.0,21.0,7.0,12.5,27.0,16.0,7.0,10.0,5.0,0.002161706369162743
2017-2018,Milwaukee Bucks,0,0,109.8,110.1,0.531,12.9,20.4,0.22,0.528,14.2,75.9,0.22,9.0,18.5,8.0,14.0,26.0,5.0,20.0,2.5,29.0,29.0,0.0013748120535984096
2017-2018,Los Angeles Lakers,0,0,106.5,108.0,0.517,13.8,23.6,0.188,0.514,12.5,77.7,0.19,23.0,12.0,16.0,25.0,7.0,19.5,10.0,22.5,12.5,14.5,0.0006069277918752795
2017-2018,Dallas Mavericks,0,0,106.3,109.5,0.513,11.6,18.0,0.166,0.532,12.9,78.9,0.193,24.0,17.0,19.0,3.0,30.0,28.0,22.5,16.0,7.0,18.0,3.406153233866907e-05
2017-2018,New York Knicks,0,0,107.1,110.7,0.51,13.3,24.1,0.17,0.522,12.2,76.7,0.208,20.0,23.0,24.0,19.0,5.0,26.0,14.5,26.5,20.5,23.0,3.4016027813643784e-05
2017-2018,Brooklyn Nets,0,0,106.9,110.6,0.514,13.6,21.0,0.201,0.517,11.0,77.0,0.201,21.0,21.5,17.5,23.0,23.5,9.5,11.0,30.0,19.0,21.0,1.852269268278096e-05
2017-2018,Orlando Magic,0,0,105.2,110.1,0.512,13.3,20.0,0.18,0.525,12.8,75.6,0.187,25.0,18.5,21.0,19.0,28.5,23.0,17.5,17.0,30.0,12.0,4.624844465976865e-05
2017-2018,Atlanta Hawks,0,0,105.0,110.6,0.512,14.1,21.1,0.185,0.536,13.6,76.2,0.183,26.0,21.5,21.0,28.5,22.0,21.0,25.0,8.5,26.5,9.0,0.00010343601742885738
2017-2018,Memphis Grizzlies,0,0,104.5,111.0,0.5,14.0,22.4,0.201,0.529,13.8,76.5,0.256,27.0,25.5,28.0,27.0,15.0,9.5,21.0,6.0,22.5,30.0,3.965695885007038e-06
2017-2018,Sacramento Kings,0,0,103.7,111.1,0.502,12.8,21.5,0.14300000000000002,0.542,13.5,77.6,0.199,29.0,27.5,27.0,13.0,18.5,30.0,29.5,10.0,14.0,20.0,3.6863860724113982e-06
2017-2018,Chicago Bulls,0,0,103.8,110.9,0.4970000000000001,12.6,20.6,0.16399999999999998,0.542,12.4,80.6,0.184,28.0,24.0,29.0,10.5,25.0,29.0,29.5,24.5,2.0,10.0,2.150546125756429e-06
2017-2018,Phoenix Suns,0,0,103.5,112.8,0.495,13.9,22.5,0.203,0.5329999999999999,11.9,76.5,0.212,30.0,30.0,30.0,26.0,14.0,7.0,24.0,28.0,22.5,25.0,9.591570875133502e-08
2018-2019,Milwaukee Bucks,0,0,113.8,105.2,0.55,12.0,20.8,0.197,0.503,11.5,80.3,0.162,4.0,1.0,2.0,9.5,27.0,15.0,1.0,25.5,1.5,1.0,0.28370291790634317
2018-2019,Golden State Warriors,1,0,115.9,109.5,0.565,12.6,22.5,0.182,0.508,11.7,77.1,0.205,1.0,12.5,1.0,18.5,16.0,23.5,3.0,20.5,15.0,21.0,0.28159277321319054
2018-2019,Toronto Raptors,1,1,113.1,107.1,0.5429999999999999,12.4,21.9,0.198,0.509,13.1,77.1,0.19,5.0,5.0,3.0,16.0,21.5,14.0,4.0,9.0,15.0,10.0,0.3443646109891063
2018-2019,Utah Jazz,0,0,110.9,105.7,0.5379999999999999,13.4,22.9,0.217,0.507,12.4,80.3,0.189,15.0,2.0,5.0,27.5,13.0,4.0,2.0,14.0,1.5,8.0,0.08274544758944621
2018-2019,Houston Rockets,0,0,115.5,110.7,0.542,12.0,22.8,0.221,0.525,13.4,74.4,0.21,2.0,17.5,4.0,9.5,14.0,3.0,18.0,7.5,28.0,25.0,0.007358409135429346
2018-2019,Portland Trail Blazers,0,0,114.7,110.5,0.528,12.1,26.6,0.21,0.516,11.0,77.9,0.195,3.0,16.0,13.0,11.0,1.5,8.0,12.0,29.5,9.0,16.0,0.002370270392799359
2018-2019,Denver Nuggets,0,0,113.0,108.9,0.527,11.9,26.6,0.175,0.521,12.3,78.0,0.194,6.0,10.0,14.5,7.5,1.5,27.0,14.5,15.0,8.0,15.0,0.029531339950494416
2018-2019,Boston Celtics,0,0,112.2,107.8,0.534,11.5,21.6,0.173,0.514,13.4,77.0,0.198,10.0,7.0,6.5,4.5,24.0,28.0,8.5,7.5,17.5,17.0,0.056851073803779094
2018-2019,Oklahoma City Thunder,0,0,110.3,107.0,0.514,11.7,26.0,0.19,0.523,14.4,78.2,0.206,17.0,4.0,23.0,6.0,3.0,20.0,17.0,1.0,7.0,22.5,0.001849640546967601
2018-2019,Indiana Pacers,0,0,109.9,106.5,0.53,12.4,21.9,0.182,0.516,14.1,76.2,0.184,18.0,3.0,10.0,16.0,21.5,23.5,12.0,2.0,23.0,5.0,0.04641055136445663
2018-2019,Philadelphia 76ers,0,0,112.6,110.0,0.532,12.9,24.5,0.241,0.512,11.1,78.6,0.206,8.0,15.0,8.0,23.5,8.0,2.0,6.5,28.0,6.0,22.5,0.0030570254834224055
2018-2019,San Antonio Spurs,0,0,112.9,111.2,0.534,11.0,21.0,0.194,0.528,11.0,79.4,0.17,7.0,19.0,6.5,2.0,26.0,17.0,20.0,29.5,4.0,2.0,0.0017816539089861643
2018-2019,Los Angeles Clippers,0,0,112.4,111.5,0.529,12.7,22.0,0.258,0.514,11.4,76.0,0.224,9.0,20.5,11.5,21.0,19.5,1.0,8.5,27.0,25.0,27.0,0.0002399790495223748
2018-2019,Orlando Magic,0,0,108.9,108.1,0.518,11.9,22.0,0.168,0.515,11.8,79.7,0.18600000000000005,22.0,8.0,20.0,7.5,19.5,30.0,10.0,19.0,3.0,6.0,0.0009959679055167913
2018-2019,Brooklyn Nets,0,0,109.6,109.7,0.52,13.0,23.8,0.211,0.512,11.6,76.4,0.19,19.0,14.0,18.0,25.0,10.0,6.0,6.5,23.0,21.0,10.0,0.0003268101771631155
2018-2019,Miami Heat,0,0,107.3,107.6,0.515,13.1,24.8,0.172,0.51,12.7,77.6,0.201,26.0,6.0,21.0,26.0,4.5,29.0,5.0,13.0,10.5,19.0,0.00238806685907264
2018-2019,Detroit Pistons,0,0,109.0,109.2,0.509,12.3,24.8,0.195,0.526,12.8,78.7,0.211,21.0,11.0,26.0,13.5,4.5,16.0,19.0,11.5,5.0,26.0,8.506863627374114e-05
2018-2019,Sacramento Kings,0,0,110.4,111.5,0.524,11.5,23.1,0.177,0.5329999999999999,13.6,75.5,0.207,16.0,20.5,16.0,4.5,12.0,26.0,22.5,4.0,26.0,24.0,0.00033496258997580325
2018-2019,Dallas Mavericks,0,0,109.4,110.7,0.519,12.7,22.7,0.21600000000000005,0.522,11.6,77.5,0.191,20.0,17.5,19.0,21.0,15.0,5.0,16.0,23.0,12.0,12.0,5.7509199961863644e-05
2018-2019,Minnesota Timberwolves,0,0,111.4,112.9,0.511,11.4,24.6,0.21,0.5379999999999999,12.9,74.9,0.19,12.0,24.0,25.0,3.0,7.0,8.0,24.5,10.0,27.0,10.0,3.785141550108508e-05
2018-2019,New Orleans Pelicans,0,0,111.4,112.6,0.529,12.6,24.1,0.193,0.532,11.6,76.8,0.193,12.0,23.0,11.5,18.5,9.0,18.0,21.0,23.0,19.0,14.0,0.0006955158565415592
2018-2019,Charlotte Hornets,0,0,111.4,112.5,0.514,10.9,21.7,0.205,0.5379999999999999,12.1,77.1,0.179,12.0,22.0,23.0,1.0,23.0,10.5,24.5,17.0,15.0,3.0,5.226006828349954e-05
2018-2019,Los Angeles Lakers,0,0,107.8,109.5,0.527,13.4,22.2,0.18,0.516,12.2,76.4,0.192,24.0,12.5,14.5,27.5,17.0,25.0,12.0,16.0,21.0,13.0,0.001397089693713291
2018-2019,Memphis Grizzlies,0,0,106.1,108.8,0.508,12.9,20.0,0.21,0.521,13.9,77.6,0.232,27.0,9.0,27.0,23.5,29.0,8.0,14.5,3.0,10.5,28.0,4.616338386044078e-05
2018-2019,Washington Wizards,0,0,111.1,113.9,0.531,12.3,21.3,0.204,0.546,13.5,74.1,0.199,14.0,27.5,9.0,13.5,25.0,12.0,29.0,5.5,29.0,18.0,0.00022088349270637636
2018-2019,Atlanta Hawks,0,0,108.1,113.9,0.522,14.3,24.7,0.192,0.541,12.8,76.4,0.237,23.0,27.5,17.0,30.0,6.0,19.0,26.5,11.5,21.0,30.0,4.5238149573189266e-05
2018-2019,Chicago Bulls,0,0,104.8,113.2,0.505,12.7,19.4,0.184,0.541,11.9,77.3,0.188,29.0,25.0,28.0,21.0,30.0,22.0,26.5,18.0,13.0,7.0,4.383453278745421e-06
2018-2019,Phoenix Suns,0,0,105.9,115.1,0.514,13.8,20.5,0.202,0.545,13.5,72.5,0.236,28.0,29.0,23.0,29.0,28.0,13.0,28.0,5.5,30.0,29.0,3.1476396518449684e-06
2018-2019,New York Knicks,0,0,104.5,113.7,0.49,12.4,22.1,0.205,0.5329999999999999,11.7,76.1,0.203,30.0,26.0,30.0,16.0,18.0,10.5,22.5,20.5,24.0,20.0,2.42364327824528e-07
2018-2019,Cleveland Cavaliers,0,0,107.7,117.6,0.503,12.2,23.7,0.187,0.564,11.5,77.0,0.181,25.0,30.0,29.0,12.0,11.0,21.0,30.0,25.5,17.5,4.0,1.256926907661548e-06
